timestamp,force_x,force_y,force_z,torque_x, torque_y, torque_z,tibia_x, tibia_y, tibia_z,tibia_qx, tibia_qy, tibia_qz, tibia_qw,femur_x, femur_y, femur_z,femur_qx, femur_qy, femur_qz, femur_qw,knee_x, knee_y, knee_z,knee_qx, knee_qy, knee_qz, knee_qw
1745832306.577122,-3.78446,-5.58178,2.33995,-2.26727,-3.56171,3.64246,-0.0693365,-0.00149193,0.556571,0.117083,0.956188,-0.0909307,0.252443,0.73058,-0.227008,0.700719,0.0464836,0.981136,0.0204042,-0.186532,0.128961,-0.0643077,0.499498,0.117083,0.956188,-0.0909307,0.252443,
1745832306.587174,-4.07755,-5.35612,2.35725,-2.21308,-3.41521,3.41119,-0.0694097,-0.0016774,0.556952,0.116053,0.957095,-0.0862011,0.251138,0.731704,-0.224808,0.698354,0.0842874,0.98216,0.0292779,-0.165532,0.12904,-0.0631158,0.498918,0.116053,0.957095,-0.0862011,0.251138,
1745832306.597161,-3.79745,-5.64306,2.35592,-2.29602,-3.57882,3.68339,-0.0693371,-0.00149099,0.556576,0.117065,0.956193,-0.0908999,0.252442,0.730575,-0.227008,0.70072,0.0465222,0.981136,0.0204478,-0.186522,0.128964,-0.0642938,0.499501,0.117065,0.956193,-0.0908999,0.252442,
1745832306.607169,-3.78746,-5.57777,2.40577,-2.29167,-3.53835,3.68237,-0.0693551,-0.0017474,0.557046,0.116537,0.957282,-0.0847896,0.250682,0.730526,-0.226986,0.700665,0.0469099,0.981276,0.020758,-0.18565,0.129047,-0.0630565,0.498712,0.116537,0.957282,-0.0847896,0.250682,
1745832306.617095,-3.82099,-5.56931,2.40995,-2.28067,-3.56514,3.66523,-0.0694095,-0.00167529,0.556943,0.116107,0.957089,-0.0863005,0.251103,0.730568,-0.227019,0.700736,0.0465448,0.981159,0.0206346,-0.186375,0.129026,-0.0631547,0.498903,0.116107,0.957089,-0.0863005,0.251103,
1745832306.627115,-3.78847,-5.61337,2.37188,-2.28383,-3.5639,3.66465,-0.0693371,-0.00149039,0.556573,0.117088,0.956195,-0.0909061,0.252422,0.73058,-0.227008,0.700722,0.0464466,0.981129,0.020373,-0.186585,0.128958,-0.0643028,0.499489,0.117088,0.956195,-0.0909061,0.252422,
1745832306.637120,-3.74397,-5.54778,2.37939,-2.272,-3.52628,3.65112,-0.0694064,-0.00165882,0.557356,0.116362,0.957797,-0.0869148,0.248052,0.730564,-0.227018,0.700725,0.0464965,0.981164,0.0205951,-0.186362,0.128588,-0.0633806,0.498081,0.116362,0.957797,-0.0869148,0.248052,
1745832306.647171,-3.79674,-5.63411,2.34384,-2.29287,-3.58592,3.66864,-0.0693338,-0.00148848,0.556582,0.117088,0.956202,-0.0908994,0.252401,0.730562,-0.227001,0.700672,0.045819,0.980977,0.0211606,-0.187446,0.128959,-0.0642995,0.499489,0.117088,0.956202,-0.0908994,0.252401,
1745832306.657145,-3.80537,-5.60299,2.41947,-2.30565,-3.55798,3.69888,-0.0693586,-0.00175347,0.557041,0.116512,0.957279,-0.0848027,0.250698,0.730564,-0.227017,0.700731,0.046529,0.98117,0.0205763,-0.186326,0.129047,-0.0630567,0.498714,0.116512,0.957279,-0.0848027,0.250698,
1745832306.667105,-4.05175,-5.35503,2.36626,-2.22424,-3.414,3.43227,-0.069357,-0.00175141,0.557032,0.116502,0.957265,-0.0847738,0.250766,0.7318,-0.224973,0.698598,0.0824886,0.982085,0.0279528,-0.1671,0.12906,-0.0630443,0.498732,0.116502,0.957265,-0.0847738,0.250766,
1745832306.677223,-4.06632,-5.40431,2.28092,-2.21435,-3.43617,3.38344,-0.0693532,-0.00148667,0.556484,0.116503,0.956095,-0.0927645,0.252395,0.731678,-0.224788,0.69834,0.0840878,0.981927,0.0303569,-0.166815,0.128921,-0.0644891,0.499536,0.116503,0.956095,-0.0927645,0.252395,
1745832306.687088,-3.83288,-5.56827,2.45342,-2.29004,-3.56461,3.67977,-0.0693762,-0.00178867,0.557062,0.116286,0.957341,-0.0840569,0.250817,0.730565,-0.227013,0.700736,0.0465019,0.981168,0.0205653,-0.186343,0.129101,-0.0628491,0.498722,0.116286,0.957341,-0.0840569,0.250817,
1745832306.697219,-3.90898,-5.67911,2.07912,-2.50599,-3.76141,3.52325,-0.0693381,-0.00149076,0.556575,0.117101,0.956205,-0.0908539,0.252399,0.7294,-0.227183,0.700194,0.0458409,0.974593,0.0245657,-0.21786,0.128955,-0.0642968,0.499478,0.117101,0.956205,-0.0908539,0.252399,
1745832306.707125,-4.10324,-5.33571,2.40491,-2.20878,-3.44139,3.41004,-0.0693546,-0.00174814,0.55704,0.116526,0.957275,-0.0848398,0.250695,0.731769,-0.22489,0.69851,0.0831434,0.982095,0.0283232,-0.166657,0.129048,-0.0630641,0.498716,0.116526,0.957275,-0.0848398,0.250695,
1745832306.717226,-3.79081,-5.52963,2.37197,-2.26723,-3.54771,3.63189,-0.0694074,-0.00167313,0.556953,0.116103,0.95709,-0.0862689,0.251109,0.730564,-0.226995,0.70067,0.0458245,0.980971,0.0211029,-0.187484,0.129031,-0.0631443,0.498912,0.116103,0.95709,-0.0862689,0.251109,
1745832306.727147,-3.74877,-5.66207,2.31134,-2.30663,-3.55513,3.67949,-0.0693593,-0.00148123,0.556493,0.116516,0.956103,-0.0926764,0.252392,0.730548,-0.227001,0.70068,0.0459472,0.981003,0.0212191,-0.187273,0.128917,-0.0644693,0.499537,0.116516,0.956103,-0.0926764,0.252392,
1745832306.737174,-3.77864,-5.62411,2.31377,-2.28244,-3.57355,3.65186,-0.0693593,-0.00148123,0.556493,0.116516,0.956103,-0.0926764,0.252392,0.730548,-0.227001,0.70068,0.0459472,0.981003,0.0212191,-0.187273,0.128917,-0.0644693,0.499537,0.116516,0.956103,-0.0926764,0.252392,
1745832306.747248,-3.75696,-5.63631,2.32118,-2.29951,-3.55651,3.67184,-0.0693386,-0.00148965,0.556578,0.117083,0.956203,-0.0908325,0.252423,0.730551,-0.227004,0.70068,0.0459424,0.981,0.0212696,-0.187288,0.128961,-0.0642844,0.499488,0.117083,0.956203,-0.0908325,0.252423,
1745832306.757095,-3.76424,-5.57527,2.35347,-2.27129,-3.54632,3.63204,-0.0693356,-0.00149346,0.556581,0.117084,0.956198,-0.0908481,0.252434,0.730567,-0.226994,0.700673,0.0458723,0.980966,0.0210299,-0.187507,0.128964,-0.0642918,0.499497,0.117084,0.956198,-0.0908481,0.252434,
1745832306.767239,-3.75755,-5.69847,2.34134,-2.32227,-3.55779,3.71245,-0.0693542,-0.00148596,0.556484,0.116469,0.956091,-0.0928446,0.252397,0.730578,-0.227003,0.700722,0.0464952,0.981141,0.0203465,-0.18651,0.12892,-0.0644934,0.499543,0.116469,0.956091,-0.0928446,0.252397,
1745832306.777224,-3.79134,-5.60526,2.35779,-2.27886,-3.56774,3.65893,-0.0693396,-0.00149281,0.556575,0.117112,0.956214,-0.0907929,0.252383,0.730577,-0.227015,0.700711,0.0464583,0.981137,0.0204175,-0.186533,0.128953,-0.0642896,0.499465,0.117112,0.956214,-0.0907929,0.252383,
1745832306.787276,-3.76437,-5.6558,2.32863,-2.3056,-3.57517,3.68099,-0.069439,-0.00148205,0.556811,0.116852,0.956748,-0.0910897,0.250361,0.730559,-0.227021,0.700689,0.0459982,0.98097,0.0216832,-0.187382,0.128616,-0.0642653,0.498867,0.116852,0.956748,-0.0910897,0.250361,
1745832306.797223,-3.77637,-5.5797,2.33474,-2.26576,-3.55497,3.64046,-0.0693326,-0.00149115,0.556578,0.117109,0.956202,-0.090855,0.252404,0.730563,-0.227012,0.700731,0.0465564,0.981184,0.0206294,-0.186238,0.128961,-0.0643003,0.499483,0.117109,0.956202,-0.090855,0.252404,
1745832306.807117,-3.7713,-5.63882,2.36027,-2.29966,-3.55554,3.68294,-0.0693376,-0.00148708,0.556582,0.117097,0.956202,-0.0907918,0.252435,0.730579,-0.227008,0.700726,0.0465219,0.981134,0.0204522,-0.186532,0.128964,-0.0642779,0.499495,0.117097,0.956202,-0.0907918,0.252435,
1745832306.827149,-3.75796,-5.61211,2.31406,-2.28554,-3.5509,3.66382,-0.0693346,-0.00149037,0.556572,0.117045,0.956212,-0.0908923,0.252384,0.730578,-0.227015,0.700714,0.0464507,0.981138,0.0204696,-0.186522,0.128961,-0.0642848,0.499471,0.117045,0.956212,-0.0908923,0.252384,
1745832306.837209,-3.77799,-5.62613,2.35643,-2.29129,-3.56007,3.67317,-0.0693347,-0.00149106,0.556581,0.117072,0.956206,-0.0908961,0.252394,0.730576,-0.227012,0.700715,0.046487,0.981135,0.0204285,-0.186534,0.128959,-0.0642958,0.499485,0.117072,0.956206,-0.0908961,0.252394,
1745832306.847272,-3.79559,-5.58861,2.34051,-2.27066,-3.57566,3.63639,-0.0693573,-0.00146404,0.556546,0.116761,0.956207,-0.0912573,0.252402,0.730564,-0.226994,0.700675,0.0458962,0.980973,0.0210876,-0.187456,0.128956,-0.064235,0.499478,0.116761,0.956207,-0.0912573,0.252402,
1745832306.857159,-3.78235,-5.62391,2.32216,-2.28913,-3.57109,3.66819,-0.0693352,-0.00149215,0.556582,0.117095,0.95621,-0.090849,0.252384,0.730619,-0.227034,0.700792,0.0465116,0.9811,0.0207115,-0.186683,0.128957,-0.0642949,0.499478,0.117095,0.95621,-0.090849,0.252384,
1745832306.867261,-4.07874,-5.48114,2.32846,-2.26167,-3.46426,3.45757,-0.0693373,-0.00149356,0.556575,0.117086,0.956207,-0.0908497,0.252399,0.731775,-0.224947,0.698583,0.0824136,0.981817,0.0290767,-0.168515,0.128958,-0.0642933,0.499477,0.117086,0.956207,-0.0908497,0.252399,
1745832306.877164,-3.79763,-5.67303,2.32642,-2.31385,-3.59549,3.69139,-0.0693341,-0.00148966,0.556585,0.117087,0.956213,-0.0908837,0.252364,0.730606,-0.227015,0.700745,0.0460051,0.980924,0.0214019,-0.187654,0.128955,-0.0642973,0.499475,0.117087,0.956213,-0.0908837,0.252364,
1745832306.887265,-3.81616,-5.59527,2.40177,-2.30439,-3.56571,3.69921,-0.0693762,-0.0017831,0.557061,0.116319,0.957323,-0.0840578,0.25087,0.730583,-0.22701,0.700725,0.0465048,0.981147,0.0203877,-0.186473,0.129104,-0.0628553,0.498744,0.116319,0.957323,-0.0840578,0.25087,
1745832306.897234,-4.08674,-5.4301,2.30464,-2.24599,-3.46239,3.40632,-0.069336,-0.00149058,0.556575,0.117097,0.956195,-0.0908738,0.252431,0.731673,-0.224807,0.698561,0.0833088,0.981577,0.0300943,-0.169297,0.128961,-0.0642991,0.499494,0.117097,0.956195,-0.0908738,0.252431,
1745832306.907137,-4.08322,-5.44073,2.37271,-2.25624,-3.43775,3.47702,-0.0694086,-0.00167759,0.556955,0.116099,0.957102,-0.0862456,0.251075,0.731772,-0.224891,0.698503,0.0831517,0.982099,0.0283753,-0.166618,0.129026,-0.0631424,0.498898,0.116099,0.957102,-0.0862456,0.251075,
1745832306.917225,-4.09951,-5.35152,2.39689,-2.21935,-3.44767,3.42589,-0.0693546,-0.00174863,0.557048,0.116506,0.957288,-0.0847955,0.250671,0.731802,-0.224969,0.698607,0.0825997,0.982051,0.0278591,-0.167262,0.129049,-0.0630481,0.498709,0.116506,0.957288,-0.0847955,0.250671,
1745832306.927256,-3.78617,-5.64257,2.3404,-2.29183,-3.57921,3.66425,-0.0693355,-0.00150481,0.556518,0.116637,0.956109,-0.0926411,0.252327,0.730561,-0.226996,0.700675,0.0458786,0.980974,0.0211362,-0.187452,0.128921,-0.064529,0.499533,0.116637,0.956109,-0.0926411,0.252327,
1745832306.937231,-3.80944,-5.55692,2.34058,-2.24591,-3.58413,3.60441,-0.0693355,-0.00150481,0.556518,0.116637,0.956109,-0.0926411,0.252327,0.730561,-0.226996,0.700675,0.0458786,0.980974,0.0211362,-0.187452,0.128921,-0.064529,0.499533,0.116637,0.956109,-0.0926411,0.252327,
1745832306.947249,-4.09584,-5.41542,2.36354,-2.21988,-3.4557,3.42093,-0.0693342,-0.00149134,0.556574,0.117089,0.9562,-0.090876,0.252414,0.73177,-0.22489,0.69851,0.0831823,0.982097,0.0282972,-0.166631,0.128961,-0.0642977,0.499485,0.117089,0.9562,-0.090876,0.252414,
1745832306.957178,-4.04778,-5.42688,2.304,-2.23438,-3.41597,3.41075,-0.0693369,-0.00149129,0.556578,0.117059,0.956217,-0.0908179,0.252384,0.731659,-0.224783,0.698345,0.0843856,0.981922,0.030558,-0.166654,0.128961,-0.0642747,0.499471,0.117059,0.956217,-0.0908179,0.252384,
1745832306.967233,-3.76604,-5.59609,2.32788,-2.27752,-3.55152,3.65305,-0.0693318,-0.00148855,0.556588,0.117093,0.956219,-0.0908222,0.252361,0.730576,-0.227004,0.700726,0.0464853,0.981129,0.0204497,-0.186564,0.128959,-0.0642851,0.499472,0.117093,0.956219,-0.0908222,0.252361,
1745832306.977219,-4.08244,-5.46532,2.31825,-2.25281,-3.46013,3.44436,-0.0693381,-0.00149701,0.556562,0.117062,0.956186,-0.0908781,0.252481,0.731743,-0.224866,0.69849,0.0830549,0.981858,0.0293627,-0.16791,0.128969,-0.0642936,0.499501,0.117062,0.956186,-0.0908781,0.252481,
1745832306.987242,-3.76962,-5.62257,2.33599,-2.28999,-3.55596,3.66905,-0.0693612,-0.00145832,0.556544,0.116835,0.956212,-0.0911922,0.252375,0.730577,-0.227006,0.700719,0.0465072,0.981123,0.020468,-0.186588,0.128943,-0.0642421,0.49946,0.116835,0.956212,-0.0911922,0.252375,
1745832306.997120,-4.04497,-5.46124,2.34785,-2.22855,-3.42965,3.4666,-0.0693327,-0.00149368,0.556578,0.117051,0.956214,-0.0908438,0.252392,0.731758,-0.22515,0.698149,0.0818155,0.982403,0.0284639,-0.165471,0.128966,-0.0642797,0.499476,0.117051,0.956214,-0.0908438,0.252392,
1745832307.007149,-3.78036,-5.59237,2.33909,-2.27157,-3.55979,3.65001,-0.0693375,-0.00149427,0.556573,0.117047,0.956209,-0.0908983,0.252394,0.730562,-0.227019,0.700727,0.0464706,0.981176,0.0205362,-0.186312,0.128959,-0.0642904,0.499477,0.117047,0.956209,-0.0908983,0.252394,
1745832307.017118,-4.09494,-5.40249,2.31163,-2.23746,-3.43973,3.38648,-0.0693367,-0.00149469,0.556582,0.117095,0.956223,-0.090802,0.252351,0.731749,-0.224608,0.698519,0.086119,0.981622,0.0300026,-0.167638,0.128954,-0.0642878,0.499461,0.117095,0.956223,-0.090802,0.252351,
1745832307.027276,-4.14522,-5.41794,2.40639,-2.26949,-3.47653,3.43745,-0.0693543,-0.00174094,0.55704,0.116547,0.957273,-0.0848848,0.250679,0.73181,-0.224963,0.698423,0.0842721,0.981446,0.0296982,-0.169645,0.129042,-0.0630743,0.498712,0.116547,0.957273,-0.0848848,0.250679,
1745832307.037215,-3.76787,-5.6313,2.36364,-2.29888,-3.55628,3.66989,-0.0693338,-0.00149005,0.556584,0.117108,0.956222,-0.0907204,0.252378,0.730566,-0.226999,0.700672,0.0459297,0.980969,0.0211258,-0.187468,0.128962,-0.0642701,0.499466,0.117108,0.956222,-0.0907204,0.252378,
1745832307.047145,-4.09353,-5.3746,2.382,-2.22828,-3.44237,3.43928,-0.0693568,-0.00174347,0.557044,0.116578,0.957268,-0.0848219,0.250704,0.731775,-0.224892,0.698506,0.0831201,0.982105,0.0283021,-0.166613,0.129042,-0.0630741,0.498722,0.116578,0.957268,-0.0848219,0.250704,
1745832307.057157,-4.08483,-5.46933,2.33403,-2.24248,-3.44451,3.45231,-0.0693592,-0.00146498,0.556551,0.116801,0.956219,-0.0911835,0.252366,0.731708,-0.224808,0.698355,0.0842765,0.982172,0.02928,-0.165467,0.128948,-0.0642347,0.499462,0.116801,0.956219,-0.0911835,0.252366,
1745832307.067250,-3.76905,-5.61386,2.36539,-2.28647,-3.54832,3.66611,-0.0693336,-0.00149372,0.556574,0.117062,0.956214,-0.090845,0.252388,0.730561,-0.227017,0.700723,0.0465612,0.981172,0.0205105,-0.186314,0.128963,-0.0642838,0.49947,0.117062,0.956214,-0.090845,0.252388,
1745832307.077149,-3.83395,-5.59073,2.43801,-2.30126,-3.57196,3.69508,-0.0693744,-0.00178667,0.557052,0.116288,0.957315,-0.0840559,0.250917,0.730579,-0.227007,0.700725,0.0464943,0.981137,0.0204644,-0.186519,0.129115,-0.0628472,0.498754,0.116288,0.957315,-0.0840559,0.250917,
1745832307.087259,-4.04772,-5.41415,2.2911,-2.23748,-3.4365,3.4161,-0.0693313,-0.00148791,0.556574,0.117116,0.956194,-0.0908752,0.252427,0.731732,-0.224916,0.698665,0.082825,0.981778,0.0286782,-0.16861,0.128963,-0.0643036,0.49949,0.117116,0.956194,-0.0908752,0.252427,
1745832307.097229,-3.83502,-5.55794,2.41189,-2.27905,-3.57746,3.66643,-0.0693563,-0.00174403,0.557038,0.116533,0.95726,-0.0848594,0.250742,0.730579,-0.227005,0.700722,0.046566,0.981133,0.020379,-0.186532,0.129051,-0.0630666,0.498735,0.116533,0.95726,-0.0848594,0.250742,
1745832307.107251,-4.09998,-5.49066,2.35132,-2.26129,-3.48858,3.46162,-0.0694346,-0.00148077,0.556809,0.11684,0.956736,-0.0911152,0.250407,0.731773,-0.224948,0.698579,0.0824961,0.981816,0.0290846,-0.168482,0.128626,-0.064265,0.498886,0.11684,0.956736,-0.0911152,0.250407,
1745832307.117221,-4.08216,-5.44427,2.33638,-2.23592,-3.45326,3.44543,-0.0693334,-0.00149262,0.556579,0.117045,0.956212,-0.0907808,0.252425,0.731768,-0.224896,0.698503,0.0831367,0.982104,0.0282209,-0.166625,0.128973,-0.0642628,0.499486,0.117045,0.956212,-0.0907808,0.252425,
1745832307.127218,-3.77411,-5.65354,2.32827,-2.2991,-3.5774,3.68219,-0.0694664,-0.00145274,0.556765,0.116508,0.956719,-0.0915587,0.250464,0.730529,-0.226963,0.700601,0.0463067,0.981083,0.0212551,-0.186762,0.128618,-0.0642135,0.498898,0.116508,0.956719,-0.0915587,0.250464,
1745832307.147230,-4.03848,-5.51061,2.27767,-2.28288,-3.43537,3.47862,-0.0693368,-0.00149061,0.556573,0.117051,0.9562,-0.0908882,0.252427,0.731713,-0.224846,0.698552,0.083228,0.981791,0.0293909,-0.168216,0.128964,-0.064286,0.49949,0.117051,0.9562,-0.0908882,0.252427,
1745832307.157155,-3.86402,-5.5323,2.46462,-2.26424,-3.58656,3.64919,-0.0693558,-0.0017459,0.557033,0.116529,0.957261,-0.0847754,0.250771,0.730576,-0.227009,0.700719,0.0465027,0.981139,0.02046,-0.186509,0.129059,-0.0630486,0.498735,0.116529,0.957261,-0.0847754,0.250771,
1745832307.167145,-3.83343,-5.49912,2.42031,-2.2497,-3.56485,3.62543,-0.0693536,-0.00174555,0.557037,0.116524,0.957274,-0.0848404,0.250701,0.730565,-0.227016,0.700733,0.0465739,0.981161,0.0206152,-0.186358,0.12905,-0.0630611,0.498715,0.116524,0.957274,-0.0848404,0.250701,
1745832307.177226,-3.79593,-5.6,2.34164,-2.27481,-3.57735,3.64289,-0.0693613,-0.00146096,0.556541,0.116814,0.956196,-0.0912197,0.252432,0.730551,-0.227009,0.700679,0.0459174,0.980998,0.0213484,-0.187295,0.128951,-0.0642426,0.499483,0.116814,0.956196,-0.0912197,0.252432,
1745832307.187245,-3.8155,-5.61466,2.41744,-2.31074,-3.5749,3.697,-0.0693562,-0.00174709,0.557033,0.116556,0.957275,-0.0848114,0.250693,0.730549,-0.227004,0.700681,0.0458604,0.981004,0.0213439,-0.187274,0.129044,-0.0630678,0.498706,0.116556,0.957275,-0.0848114,0.250693,
1745832307.197227,-3.80645,-5.62478,2.33722,-2.28432,-3.58755,3.67013,-0.0693337,-0.00149212,0.556582,0.117085,0.956206,-0.0908843,0.252392,0.730579,-0.227011,0.700717,0.0465098,0.981147,0.0204688,-0.186463,0.128959,-0.0642989,0.499484,0.117085,0.956206,-0.0908843,0.252392,
1745832307.207168,-4.09938,-5.39014,2.3884,-2.24782,-3.45115,3.4388,-0.0693561,-0.00174648,0.557048,0.116555,0.957288,-0.0848208,0.250639,0.731724,-0.224904,0.698668,0.0829672,0.981786,0.0286982,-0.16849,0.129037,-0.0630691,0.498699,0.116555,0.957288,-0.0848208,0.250639,
1745832307.217244,-4.06258,-5.40178,2.3799,-2.24133,-3.40552,3.45249,-0.0693557,-0.0017487,0.55703,0.116537,0.957261,-0.0847742,0.250766,0.731703,-0.224811,0.698353,0.0842778,0.98217,0.0293225,-0.165467,0.129057,-0.0630542,0.49873,0.116537,0.957261,-0.0847742,0.250766,
1745832307.227270,-3.79133,-5.65527,2.31952,-2.30536,-3.58935,3.68041,-0.0693377,-0.00148992,0.556576,0.117074,0.956205,-0.0908365,0.252416,0.730607,-0.227019,0.700739,0.0459025,0.980933,0.0214437,-0.187628,0.128962,-0.0642825,0.499484,0.117074,0.956205,-0.0908365,0.252416,
1745832307.237211,-3.83009,-5.56831,2.4165,-2.28917,-3.57965,3.66174,-0.0693552,-0.00174829,0.557035,0.116544,0.95726,-0.0848722,0.250736,0.730609,-0.227017,0.700741,0.0459549,0.980924,0.0214047,-0.187666,0.129049,-0.0630775,0.498731,0.116544,0.95726,-0.0848722,0.250736,
1745832307.247264,-3.80083,-5.59219,2.35234,-2.27143,-3.57337,3.64433,-0.0693519,-0.00145834,0.556552,0.116782,0.956218,-0.0912073,0.252369,0.730621,-0.227031,0.700789,0.0465396,0.981096,0.0207193,-0.186695,0.128957,-0.0642265,0.499466,0.116782,0.956218,-0.0912073,0.252369,
1745832307.257160,-4.0656,-5.36085,2.29803,-2.23769,-3.41024,3.35983,-0.0694571,-0.00157705,0.557289,0.115871,0.957649,-0.0883812,0.248338,0.731608,-0.224449,0.698454,0.0875933,0.981382,0.0318525,-0.167934,0.128563,-0.0634397,0.498247,0.115871,0.957649,-0.0883812,0.248338,
1745832307.267256,-3.82252,-5.61286,2.42589,-2.30884,-3.57333,3.70611,-0.0693545,-0.00174866,0.557036,0.116517,0.957274,-0.0847788,0.250726,0.73058,-0.227011,0.700718,0.04648,0.981143,0.0204022,-0.186501,0.129055,-0.0630481,0.498719,0.116517,0.957274,-0.0847788,0.250726,
1745832307.277231,-3.76604,-5.63549,2.3323,-2.29698,-3.55676,3.68095,-0.069339,-0.00149594,0.556573,0.117059,0.956202,-0.0908619,0.252425,0.730575,-0.227012,0.700716,0.046476,0.981145,0.0203807,-0.186492,0.128962,-0.0642885,0.499487,0.117059,0.956202,-0.0908619,0.252425,
1745832307.287262,-3.79854,-5.61143,2.40872,-2.31347,-3.55644,3.70206,-0.0693549,-0.00174636,0.557039,0.116517,0.95727,-0.0847728,0.250741,0.730621,-0.227035,0.700787,0.0465413,0.981096,0.0207495,-0.186693,0.129057,-0.0630444,0.498728,0.116517,0.95727,-0.0847728,0.250741,
1745832307.297234,-3.79168,-5.63236,2.36594,-2.29133,-3.56961,3.67609,-0.0693343,-0.00149054,0.556576,0.117029,0.956202,-0.0909122,0.252421,0.730565,-0.227017,0.700729,0.0465571,0.981159,0.0206118,-0.186371,0.128967,-0.0642831,0.499491,0.117029,0.956202,-0.0909122,0.252421,
1745832307.307147,-4.04557,-5.47955,2.33353,-2.24347,-3.43476,3.46838,-0.0693601,-0.00146128,0.556542,0.116807,0.956189,-0.091246,0.252455,0.731727,-0.225114,0.698148,0.0817222,0.982203,0.0289825,-0.166611,0.128955,-0.0642458,0.499496,0.116807,0.956189,-0.091246,0.252455,
1745832307.317138,-3.77348,-5.61845,2.34734,-2.28897,-3.55764,3.66543,-0.0693363,-0.00149217,0.55658,0.117052,0.956209,-0.0909129,0.252383,0.730624,-0.227034,0.700787,0.0465065,0.981109,0.0206975,-0.18664,0.128958,-0.0642934,0.49948,0.117052,0.956209,-0.0909129,0.252383,
1745832307.327172,-4.08107,-5.43923,2.3555,-2.22784,-3.43275,3.43028,-0.0693601,-0.00146136,0.556545,0.116759,0.956203,-0.0911967,0.252441,0.731705,-0.224811,0.698349,0.0842516,0.982177,0.0292481,-0.16545,0.128961,-0.0642185,0.499488,0.116759,0.956203,-0.0911967,0.252441,
1745832307.337209,-4.10054,-5.42522,2.33831,-2.22559,-3.4388,3.41463,-0.0693602,-0.00146354,0.556542,0.11679,0.956202,-0.0911831,0.252434,0.731804,-0.224851,0.698121,0.0856631,0.982075,0.0295983,-0.165271,0.128957,-0.0642286,0.499482,0.11679,0.956202,-0.0911831,0.252434,
1745832307.347275,-3.78507,-5.65687,2.35518,-2.30453,-3.57047,3.69322,-0.0693342,-0.00148918,0.556569,0.117098,0.956185,-0.0908518,0.252477,0.730569,-0.227012,0.700733,0.0465482,0.981161,0.0206115,-0.186365,0.128969,-0.0642931,0.499504,0.117098,0.956185,-0.0908518,0.252477,
1745832307.357158,-3.75099,-5.58802,2.33227,-2.27754,-3.54024,3.63987,-0.0693615,-0.00146264,0.556537,0.116808,0.956187,-0.0911437,0.252497,0.730559,-0.226999,0.70067,0.0458564,0.980985,0.0210498,-0.187409,0.128963,-0.0642252,0.499501,0.116808,0.956187,-0.0911437,0.252497,
1745832307.367218,-3.74569,-5.64345,2.35357,-2.30088,-3.54692,3.68711,-0.0694394,-0.00148677,0.556799,0.116814,0.956722,-0.0911163,0.250468,0.730567,-0.227022,0.700727,0.046554,0.981165,0.0205558,-0.186349,0.128632,-0.0642617,0.498902,0.116814,0.956722,-0.0911163,0.250468,
1745832307.377218,-3.79224,-5.61165,2.33532,-2.27937,-3.57254,3.6611,-0.0693577,-0.00146176,0.556534,0.116766,0.956178,-0.0912458,0.252515,0.730582,-0.227016,0.700713,0.0464111,0.981139,0.020407,-0.186536,0.128969,-0.0642313,0.499513,0.116766,0.956178,-0.0912458,0.252515,
1745832307.387168,-3.7649,-5.60452,2.30936,-2.2856,-3.56018,3.64702,-0.0693329,-0.00148738,0.556576,0.117056,0.95621,-0.0908273,0.252411,0.730605,-0.227017,0.700742,0.0459774,0.98092,0.0214023,-0.18768,0.128968,-0.0642713,0.499481,0.117056,0.95621,-0.0908273,0.252411,
1745832307.397227,-4.06298,-5.47146,2.30202,-2.26755,-3.44713,3.43575,-0.0693355,-0.00149503,0.556573,0.117041,0.956198,-0.0909395,0.25242,0.731675,-0.224811,0.69857,0.0832561,0.981576,0.0301447,-0.169317,0.128963,-0.0642979,0.499491,0.117041,0.956198,-0.0909395,0.25242,
1745832307.407045,-3.7576,-5.6339,2.33584,-2.30029,-3.55326,3.67062,-0.0693337,-0.00148858,0.556579,0.117026,0.956195,-0.0908796,0.252462,0.730565,-0.226995,0.700672,0.0458839,0.980964,0.0211707,-0.187502,0.128975,-0.0642727,0.49951,0.117026,0.956195,-0.0908796,0.252462,
1745832307.417147,-3.75498,-5.61733,2.34509,-2.29013,-3.54238,3.66851,-0.0693338,-0.00149003,0.55658,0.117039,0.956212,-0.0908672,0.252397,0.730577,-0.227013,0.700712,0.046447,0.981136,0.0204924,-0.186536,0.128966,-0.0642768,0.499481,0.117039,0.956212,-0.0908672,0.252397,
1745832307.427244,-3.7504,-5.623,2.31557,-2.29573,-3.55047,3.66496,-0.0693386,-0.001488,0.556582,0.117046,0.956218,-0.0908146,0.252388,0.730566,-0.226996,0.700668,0.0458781,0.980963,0.0210013,-0.187523,0.128961,-0.0642661,0.499476,0.117046,0.956218,-0.0908146,0.252388,
1745832307.437202,-3.79181,-5.62918,2.33676,-2.29088,-3.57548,3.67115,-0.0693378,-0.00149058,0.556573,0.117035,0.956199,-0.0909271,0.252424,0.730623,-0.227031,0.700794,0.0465798,0.981105,0.0207014,-0.186639,0.128963,-0.0642886,0.499492,0.117035,0.956199,-0.0909271,0.252424,
1745832307.457151,-3.74872,-5.65358,2.27951,-2.29977,-3.5559,3.6816,-0.0693525,-0.00148014,0.556486,0.116473,0.956099,-0.0927651,0.252395,0.730579,-0.227004,0.700725,0.0465224,0.981132,0.0203498,-0.186551,0.128925,-0.0644717,0.499537,0.116473,0.956099,-0.0927651,0.252395,
1745832307.467223,-4.1052,-5.47956,2.31067,-2.25904,-3.48071,3.44741,-0.0693576,-0.00146254,0.55654,0.116797,0.9562,-0.0912286,0.252424,0.731712,-0.224844,0.698551,0.083181,0.981792,0.0295229,-0.168207,0.128956,-0.06424,0.499479,0.116797,0.9562,-0.0912286,0.252424,
1745832307.477200,-4.06071,-5.43731,2.26172,-2.22642,-3.45321,3.39277,-0.0693382,-0.00162992,0.556188,0.115952,0.955926,-0.0954339,0.252294,0.73172,-0.224853,0.698551,0.0830746,0.981801,0.0294703,-0.168216,0.128866,-0.0650086,0.499416,0.115952,0.955926,-0.0954339,0.252294,
1745832307.487191,-4.08243,-5.46346,2.30659,-2.2459,-3.46904,3.43214,-0.069336,-0.00150618,0.556513,0.116607,0.956092,-0.092751,0.252365,0.731775,-0.224945,0.698586,0.082509,0.981812,0.0290888,-0.168496,0.128924,-0.0645429,0.499553,0.116607,0.956092,-0.092751,0.252365,
1745832307.497227,-3.73507,-5.59895,2.30691,-2.27761,-3.53028,3.64193,-0.0693504,-0.00147886,0.556493,0.116475,0.956107,-0.0927741,0.252361,0.730625,-0.227033,0.700791,0.0465449,0.9811,0.0207769,-0.186666,0.128922,-0.0644734,0.499531,0.116475,0.956107,-0.0927741,0.252361,
1745832307.507105,-4.02931,-5.43802,2.29619,-2.21933,-3.42695,3.42731,-0.0693353,-0.00150582,0.556494,0.116547,0.956074,-0.0928615,0.252421,0.731741,-0.225104,0.698149,0.0816428,0.982166,0.0291772,-0.166832,0.128933,-0.0645446,0.499566,0.116547,0.956074,-0.0928615,0.252421,
1745832307.517217,-3.77561,-5.59826,2.32271,-2.27912,-3.56584,3.64586,-0.0693304,-0.00148683,0.556572,0.117071,0.9562,-0.0908703,0.252426,0.730567,-0.226998,0.70067,0.0459033,0.980966,0.0210738,-0.187493,0.128969,-0.0642854,0.499488,0.117071,0.9562,-0.0908703,0.252426,
1745832307.527110,-3.84376,-5.58622,2.42505,-2.29305,-3.59043,3.67555,-0.0693572,-0.00175307,0.557037,0.116512,0.957259,-0.0848008,0.250776,0.73055,-0.227008,0.700685,0.0459603,0.980994,0.0213908,-0.187301,0.129059,-0.0630552,0.498742,0.116512,0.957259,-0.0848008,0.250776,
1745832307.537216,-4.08344,-5.38965,2.32028,-2.22625,-3.44439,3.38957,-0.0693316,-0.00149189,0.556579,0.117012,0.956204,-0.0908968,0.252428,0.731861,-0.225016,0.698379,0.0840854,0.981681,0.029144,-0.168474,0.128973,-0.0642752,0.499497,0.117012,0.956204,-0.0908968,0.252428,
1745832307.547262,-4.11338,-5.40311,2.39015,-2.24221,-3.44562,3.43392,-0.0693523,-0.00174023,0.557038,0.116525,0.957265,-0.084816,0.250744,0.731663,-0.224777,0.698337,0.0843296,0.981959,0.030503,-0.166475,0.129058,-0.0630505,0.498732,0.116525,0.957265,-0.084816,0.250744,
1745832307.557106,-4.05869,-5.40265,2.31422,-2.21304,-3.41993,3.40815,-0.0693337,-0.00149065,0.556573,0.117086,0.956183,-0.0909217,0.252465,0.731691,-0.224811,0.698358,0.0843931,0.982193,0.0294166,-0.165258,0.128967,-0.0643052,0.499509,0.117086,0.956183,-0.0909217,0.252465,
1745832307.567229,-4.16056,-5.4135,2.41293,-2.24805,-3.47889,3.4439,-0.069374,-0.00178744,0.557059,0.116305,0.957335,-0.0840334,0.250841,0.731678,-0.224779,0.698339,0.0842254,0.981931,0.0303994,-0.166712,0.129105,-0.0628495,0.498727,0.116305,0.957335,-0.0840334,0.250841,
1745832307.577230,-4.13755,-5.35145,2.45065,-2.20928,-3.4488,3.40938,-0.0693538,-0.00175118,0.557033,0.116461,0.957275,-0.0847345,0.250763,0.731704,-0.224811,0.698357,0.0842531,0.98216,0.029338,-0.165535,0.129069,-0.063021,0.498728,0.116461,0.957275,-0.0847345,0.250763,
1745832307.587247,-3.75558,-5.62834,2.32732,-2.29138,-3.55914,3.6754,-0.0694338,-0.00148093,0.556808,0.116827,0.95674,-0.0911262,0.250392,0.73058,-0.227006,0.700718,0.0465169,0.981136,0.0204675,-0.186519,0.128626,-0.0642632,0.49888,0.116827,0.95674,-0.0911262,0.250392,
1745832307.597225,-3.94831,-5.62682,2.14176,-2.50128,-3.76527,3.52572,-0.0693553,-0.00174489,0.557041,0.116508,0.957279,-0.0847744,0.25071,0.729399,-0.227167,0.700191,0.045308,0.974607,0.025063,-0.217853,0.129054,-0.0630403,0.498717,0.116508,0.957279,-0.0847744,0.25071,
1745832307.607217,-4.02465,-5.3934,2.29985,-2.22274,-3.39517,3.41181,-0.0693354,-0.0014901,0.556582,0.11707,0.956208,-0.0909091,0.252381,0.731868,-0.224941,0.698298,0.0845345,0.982016,0.0283156,-0.166422,0.128957,-0.064297,0.499481,0.11707,0.956208,-0.0909091,0.252381,
1745832307.617134,-3.91827,-5.69559,2.08051,-2.51859,-3.77472,3.54236,-0.0693343,-0.00148715,0.55658,0.117108,0.956222,-0.0908474,0.252335,0.729362,-0.227107,0.700127,0.045623,0.97445,0.0230789,-0.218708,0.128951,-0.0642947,0.499455,0.117108,0.956222,-0.0908474,0.252335,
1745832307.627253,-4.06472,-5.43529,2.29821,-2.23566,-3.42037,3.42984,-0.0693349,-0.00149008,0.556576,0.117041,0.956201,-0.0908341,0.252449,0.731811,-0.22486,0.698133,0.0855351,0.982079,0.0294307,-0.165343,0.128972,-0.0642701,0.499497,0.117041,0.956201,-0.0908341,0.252449,
1745832307.637195,-3.74883,-5.66064,2.30291,-2.31211,-3.5555,3.68675,-0.06936,-0.00146497,0.556537,0.116781,0.956203,-0.0911452,0.252451,0.730548,-0.226999,0.700681,0.0459901,0.980995,0.0213072,-0.187294,0.128962,-0.0642186,0.499481,0.116781,0.956203,-0.0911452,0.252451,
1745832307.647274,-3.94825,-5.59715,2.0974,-2.45613,-3.78341,3.47312,-0.0693359,-0.00148692,0.556585,0.117103,0.956218,-0.0908371,0.252353,0.729361,-0.22709,0.700122,0.0450539,0.974463,0.0237325,-0.218699,0.128952,-0.0642905,0.499467,0.117103,0.956218,-0.0908371,0.252353,
1745832307.657155,-4.08625,-5.46433,2.31184,-2.27146,-3.45594,3.43213,-0.0693327,-0.0014905,0.556587,0.117053,0.956215,-0.0908166,0.252395,0.731809,-0.224968,0.698431,0.0842454,0.98144,0.0296636,-0.1697,0.128967,-0.0642712,0.499484,0.117053,0.956215,-0.0908166,0.252395,
1745832307.667141,-4.07218,-5.43124,2.28804,-2.23281,-3.42779,3.39822,-0.0693494,-0.00148117,0.556484,0.116497,0.95609,-0.09281,0.252403,0.731767,-0.224813,0.698123,0.0856156,0.981833,0.0304508,-0.166576,0.128924,-0.0644909,0.499543,0.116497,0.95609,-0.09281,0.252403,
1745832307.677130,-3.79021,-5.63389,2.30672,-2.29278,-3.58697,3.66989,-0.0693352,-0.00149017,0.556577,0.117093,0.9562,-0.0907695,0.252453,0.730559,-0.226995,0.700669,0.0458739,0.980979,0.0210405,-0.187436,0.128969,-0.0642749,0.499495,0.117093,0.9562,-0.0907695,0.252453,
1745832307.687257,-3.79895,-5.60838,2.36131,-2.27931,-3.57294,3.65987,-0.0693305,-0.0014957,0.556573,0.117049,0.956205,-0.0908466,0.252424,0.730582,-0.227011,0.700722,0.0465113,0.981135,0.0204905,-0.186521,0.128972,-0.0642814,0.499485,0.117049,0.956205,-0.0908466,0.252424,
1745832307.697229,-4.07556,-5.46762,2.32099,-2.24399,-3.43853,3.45295,-0.0693347,-0.00149413,0.556575,0.117059,0.956207,-0.0908366,0.252417,0.731696,-0.224812,0.69837,0.0844203,0.982175,0.0293542,-0.165359,0.128966,-0.0642814,0.499483,0.117059,0.956207,-0.0908366,0.252417,
1745832307.707237,-3.77492,-5.59314,2.35501,-2.27163,-3.56402,3.65078,-0.0694324,-0.00148213,0.556803,0.116887,0.956711,-0.0911512,0.250464,0.730579,-0.22701,0.700717,0.0464983,0.981129,0.0204258,-0.186563,0.128629,-0.0642904,0.498909,0.116887,0.956711,-0.0911512,0.250464,
1745832307.717225,-4.04767,-5.39498,2.30458,-2.23247,-3.39731,3.39998,-0.0693355,-0.00148742,0.556573,0.117084,0.956205,-0.0908426,0.252409,0.731772,-0.224618,0.698553,0.0864129,0.981851,0.0287682,-0.166357,0.128962,-0.0642848,0.499478,0.117084,0.956205,-0.0908426,0.252409,
1745832307.727261,-4.07074,-5.39413,2.32653,-2.22063,-3.44794,3.39595,-0.0693294,-0.00149126,0.556575,0.117051,0.956201,-0.0909068,0.252416,0.731771,-0.22494,0.698581,0.0824704,0.981814,0.0291459,-0.168494,0.128969,-0.0642906,0.499489,0.117051,0.956201,-0.0909068,0.252416,
1745832307.737225,-3.76893,-5.61879,2.34465,-2.28508,-3.56522,3.66934,-0.0694396,-0.00148435,0.556817,0.116807,0.956743,-0.0911007,0.250398,0.73058,-0.227012,0.700721,0.0464594,0.981131,0.0204573,-0.186562,0.128624,-0.0642538,0.498889,0.116807,0.956743,-0.0911007,0.250398,
1745832307.747191,-4.06396,-5.40946,2.32402,-2.21582,-3.4235,3.41227,-0.0693607,-0.00146011,0.556543,0.116818,0.956194,-0.0911612,0.252459,0.731708,-0.224812,0.69836,0.0842335,0.982179,0.0292529,-0.165449,0.128957,-0.0642305,0.499491,0.116818,0.956194,-0.0911612,0.252459,
1745832307.757169,-4.09264,-5.44287,2.30419,-2.24383,-3.44321,3.41793,-0.069336,-0.00149157,0.556567,0.117054,0.956194,-0.0909007,0.252445,0.73177,-0.224816,0.698124,0.0855975,0.981838,0.0304456,-0.166556,0.128966,-0.0642903,0.499492,0.117054,0.956194,-0.0909007,0.252445,
1745832307.767148,-3.79011,-5.61395,2.36026,-2.28466,-3.5722,3.65446,-0.0693333,-0.00149085,0.55658,0.117091,0.956212,-0.0908531,0.252376,0.73055,-0.227001,0.700686,0.0459471,0.980996,0.0213515,-0.187294,0.128958,-0.0642932,0.499473,0.117091,0.956212,-0.0908531,0.252376,
1745832307.787272,-3.71569,-5.64787,2.32955,-2.31155,-3.5186,3.69294,-0.0693351,-0.00149043,0.556576,0.117082,0.956211,-0.0908124,0.252401,0.730579,-0.227013,0.70072,0.0463931,0.981147,0.0203286,-0.186505,0.128962,-0.0642809,0.499476,0.117082,0.956211,-0.0908124,0.252401,
1745832307.797232,-3.99389,-5.45755,2.27175,-2.25732,-3.39584,3.44655,-0.0693341,-0.00149271,0.556571,0.117066,0.956206,-0.0909289,0.252386,0.731743,-0.224861,0.698493,0.0830387,0.981867,0.0293818,-0.167862,0.128958,-0.0643024,0.499473,0.117066,0.956206,-0.0909289,0.252386,
1745832307.807297,-4.04878,-5.45567,2.3033,-2.25672,-3.43936,3.4451,-0.0693374,-0.00149303,0.556573,0.117084,0.956206,-0.0908646,0.252399,0.731737,-0.224922,0.698675,0.0827733,0.981788,0.0286091,-0.16859,0.128958,-0.0642952,0.499477,0.117084,0.956206,-0.0908646,0.252399,
1745832307.817186,-3.92347,-5.62867,2.0767,-2.47523,-3.77302,3.4946,-0.0693301,-0.0014861,0.55658,0.117117,0.956206,-0.0909063,0.25237,0.729363,-0.2271,0.700122,0.0450158,0.97448,0.0237185,-0.218629,0.128956,-0.0643092,0.499475,0.117117,0.956206,-0.0909063,0.25237,
1745832307.827226,-3.7814,-5.62431,2.36712,-2.28863,-3.55997,3.67197,-0.0693373,-0.00149072,0.556578,0.117058,0.956203,-0.0908878,0.252415,0.730567,-0.227023,0.700729,0.0465027,0.981171,0.0205814,-0.186325,0.128961,-0.0642886,0.49949,0.117058,0.956203,-0.0908878,0.252415,
1745832307.837046,-3.79164,-5.61618,2.35807,-2.28241,-3.56876,3.66506,-0.0693384,-0.00149955,0.556508,0.116637,0.956099,-0.0926993,0.252343,0.731673,-0.224811,0.698565,0.0832164,0.981572,0.0301212,-0.169363,0.128918,-0.0645361,0.499535,0.116637,0.956099,-0.0926993,0.252343,
1745832307.847190,-4.06006,-5.39812,2.31225,-2.22457,-3.43666,3.39519,-0.0693356,-0.0014833,0.556582,0.117136,0.956209,-0.0909104,0.252346,0.731714,-0.224851,0.698549,0.0831757,0.981797,0.0295175,-0.168182,0.128945,-0.0643144,0.499467,0.117136,0.956209,-0.0909104,0.252346,
1745832307.857164,-4.04836,-5.46891,2.28445,-2.26124,-3.43825,3.42413,-0.0693374,-0.00150304,0.556517,0.116633,0.956098,-0.0925738,0.252397,0.731674,-0.224808,0.698564,0.0832851,0.981577,0.0301951,-0.169287,0.128931,-0.0645108,0.499556,0.116633,0.956098,-0.0925738,0.252397,
1745832307.867167,-4.1029,-5.4336,2.29743,-2.24517,-3.47136,3.42081,-0.0693362,-0.00149,0.556576,0.117071,0.956208,-0.0909588,0.252365,0.731861,-0.225017,0.698384,0.0840758,0.981688,0.0290586,-0.168453,0.128952,-0.064308,0.499473,0.117071,0.956208,-0.0909588,0.252365,
1745832307.877119,-3.79657,-5.56188,2.39442,-2.28325,-3.5462,3.67197,-0.0693581,-0.00175197,0.557031,0.116525,0.957274,-0.084763,0.250726,0.73054,-0.226977,0.700646,0.0468234,0.98125,0.0205672,-0.185828,0.129052,-0.0630509,0.498713,0.116525,0.957274,-0.084763,0.250726,
1745832307.887154,-4.07707,-5.40359,2.31701,-2.21215,-3.43511,3.40722,-0.0693613,-0.0014629,0.556541,0.116813,0.956182,-0.0912259,0.252484,0.731706,-0.224816,0.698355,0.0842152,0.982173,0.0292422,-0.165499,0.128958,-0.0642452,0.499506,0.116813,0.956182,-0.0912259,0.252484,
1745832307.897141,-4.11988,-5.40369,2.38726,-2.25691,-3.46653,3.42938,-0.0693535,-0.00174111,0.55705,0.116573,0.95727,-0.0848467,0.25069,0.731675,-0.224811,0.69857,0.0832326,0.981582,0.0300752,-0.169308,0.129043,-0.0630756,0.498724,0.116573,0.95727,-0.0848467,0.25069,
1745832307.907149,-3.92572,-5.64269,2.06104,-2.47755,-3.77679,3.49451,-0.0693315,-0.00149175,0.556579,0.117026,0.956205,-0.0908956,0.252418,0.729402,-0.227168,0.700197,0.0452817,0.974611,0.0251528,-0.217832,0.128971,-0.0642797,0.499492,0.117026,0.956205,-0.0908956,0.252418,
1745832307.917140,-4.07609,-5.4271,2.31809,-2.23642,-3.45209,3.41515,-0.0693364,-0.00148847,0.556573,0.117083,0.956201,-0.0908575,0.25242,0.73172,-0.224858,0.698545,0.083041,0.98181,0.0295192,-0.168175,0.128961,-0.0642887,0.499484,0.117083,0.956201,-0.0908575,0.25242,
1745832307.927114,-3.83052,-5.67074,2.37044,-2.30467,-3.60642,3.69977,-0.0693608,-0.00146126,0.556535,0.1168,0.956182,-0.0912136,0.252496,0.730579,-0.227011,0.700716,0.0464928,0.981133,0.0204031,-0.18655,0.128961,-0.0642363,0.499504,0.1168,0.956182,-0.0912136,0.252496,
1745832307.937152,-4.03185,-5.43865,2.2971,-2.23868,-3.38998,3.43138,-0.0693579,-0.00146925,0.556545,0.116733,0.956205,-0.0912181,0.252438,0.731786,-0.224855,0.69814,0.0857437,0.982086,0.0295906,-0.165163,0.128964,-0.0642217,0.499488,0.116733,0.956205,-0.0912181,0.252438,
1745832307.947147,-3.77501,-5.65213,2.34939,-2.30344,-3.56375,3.69137,-0.0693316,-0.00149567,0.55658,0.11706,0.956204,-0.0908951,0.252407,0.730577,-0.227012,0.700721,0.046438,0.981147,0.0204262,-0.186486,0.128966,-0.0642957,0.499488,0.11706,0.956204,-0.0908951,0.252407,
1745832307.957141,-3.77192,-5.642,2.35141,-2.29121,-3.55759,3.67107,-0.0693555,-0.00148638,0.556486,0.116466,0.956078,-0.0928541,0.252445,0.730569,-0.227019,0.700734,0.0465374,0.981166,0.0206919,-0.186331,0.128925,-0.0644941,0.499566,0.116466,0.956078,-0.0928541,0.252445,
1745832307.967111,-3.78215,-5.62286,2.34051,-2.29075,-3.572,3.66328,-0.0693366,-0.00149204,0.556582,0.11709,0.956211,-0.0908291,0.25239,0.730564,-0.226994,0.70067,0.0458442,0.980969,0.0210324,-0.187498,0.128958,-0.0642889,0.499478,0.11709,0.956211,-0.0908291,0.25239,
1745832307.977165,-3.77581,-5.57968,2.3545,-2.26334,-3.55923,3.6392,-0.0694639,-0.0014607,0.556761,0.116425,0.956717,-0.091531,0.250519,0.730567,-0.227021,0.700726,0.0465638,0.981164,0.0206002,-0.186347,0.128638,-0.0641855,0.498913,0.116425,0.956717,-0.091531,0.250519,
1745832307.987144,-4.05889,-5.45191,2.2954,-2.24313,-3.4156,3.44032,-0.0693618,-0.00146798,0.556538,0.116769,0.956185,-0.0911483,0.252521,0.731805,-0.224861,0.69813,0.0855543,0.982082,0.0295072,-0.165305,0.12897,-0.0642176,0.499511,0.116769,0.956185,-0.0911483,0.252521,
1745832307.997180,-3.80171,-5.61659,2.37406,-2.28288,-3.57571,3.66612,-0.0693343,-0.00149086,0.55658,0.117123,0.956198,-0.0908599,0.252413,0.730583,-0.227012,0.700723,0.0464556,0.981143,0.0204459,-0.1865,0.128958,-0.0643057,0.499489,0.117123,0.956198,-0.0908599,0.252413,
1745832308.007149,-3.77673,-5.65522,2.34685,-2.3079,-3.57155,3.68473,-0.0693374,-0.00149164,0.556575,0.117103,0.956204,-0.0908577,0.252398,0.730563,-0.226995,0.700669,0.0459059,0.980968,0.0211042,-0.187481,0.128956,-0.0642991,0.499478,0.117103,0.956204,-0.0908577,0.252398,
1745832308.017216,-4.03705,-5.41858,2.30399,-2.22607,-3.40138,3.41553,-0.0694655,-0.00145042,0.556771,0.116533,0.956711,-0.0915255,0.250495,0.731789,-0.224849,0.698133,0.0858234,0.982087,0.0296794,-0.165105,0.128622,-0.0642127,0.498915,0.116533,0.956711,-0.0915255,0.250495,
1745832308.027101,-4.06782,-5.40794,2.31516,-2.22159,-3.42907,3.39652,-0.0693331,-0.00148748,0.556583,0.117073,0.956212,-0.0908397,0.252391,0.731667,-0.224782,0.698336,0.0842876,0.981954,0.0305152,-0.166526,0.128963,-0.0642805,0.49948,0.117073,0.956212,-0.0908397,0.252391,
1745832308.037205,-3.80993,-5.59112,2.42426,-2.29726,-3.55494,3.6924,-0.0693576,-0.00175568,0.55703,0.116519,0.957265,-0.084727,0.250776,0.730539,-0.226983,0.700649,0.046868,0.981255,0.0205606,-0.185795,0.129061,-0.0630446,0.498731,0.116519,0.957265,-0.084727,0.250776,
1745832308.047086,-3.80189,-5.67945,2.35693,-2.31331,-3.58883,3.70888,-0.069337,-0.00149201,0.55658,0.117072,0.956213,-0.0908899,0.25237,0.73058,-0.22701,0.700719,0.0464839,0.981136,0.0203722,-0.186539,0.128954,-0.0642955,0.499473,0.117072,0.956213,-0.0908899,0.25237,
1745832308.057136,-3.83901,-5.56772,2.41901,-2.2807,-3.57695,3.67397,-0.0693588,-0.00175089,0.557037,0.116521,0.957278,-0.084718,0.250729,0.730542,-0.226982,0.700642,0.0468629,0.981247,0.0206205,-0.18583,0.129054,-0.0630387,0.498717,0.116521,0.957278,-0.084718,0.250729,
1745832308.067153,-3.78428,-5.6343,2.35224,-2.29482,-3.56709,3.67448,-0.0693572,-0.00146234,0.556546,0.116809,0.956206,-0.0912099,0.252403,0.730622,-0.227032,0.700791,0.0465033,0.981108,0.0207279,-0.186641,0.128953,-0.0642404,0.499475,0.116809,0.956206,-0.0912099,0.252403,
1745832308.077236,-3.82097,-5.57326,2.39335,-2.28222,-3.56964,3.66813,-0.0693386,-0.00149342,0.556569,0.117081,0.95618,-0.0909029,0.252486,0.731694,-0.224881,0.698681,0.0828776,0.981536,0.0295645,-0.169838,0.128966,-0.0643022,0.499512,0.117081,0.95618,-0.0909029,0.252486,
1745832308.087178,-4.12535,-5.38018,2.36368,-2.24066,-3.47007,3.40275,-0.0694102,-0.0016702,0.556968,0.116085,0.957113,-0.0863202,0.251013,0.731675,-0.224809,0.698563,0.0833106,0.981564,0.0301175,-0.169367,0.129015,-0.0631465,0.49889,0.116085,0.957113,-0.0863202,0.251013,
1745832308.097240,-4.03911,-5.41149,2.28071,-2.23578,-3.42932,3.41555,-0.0693626,-0.00146579,0.55654,0.116784,0.956189,-0.0911575,0.252495,0.731734,-0.224924,0.698666,0.0827617,0.981799,0.028566,-0.168541,0.128964,-0.0642228,0.499503,0.116784,0.956189,-0.0911575,0.252495,
1745832308.107162,-3.8989,-5.55523,2.43183,-2.2634,-3.62074,3.66166,-0.0693568,-0.00175783,0.557032,0.116511,0.957272,-0.0847182,0.250757,0.730529,-0.226985,0.700657,0.0469151,0.981278,0.020759,-0.185638,0.12906,-0.0630421,0.498723,0.116511,0.957272,-0.0847182,0.250757,
1745832308.127257,-4.01745,-5.43175,2.28198,-2.23614,-3.40994,3.442,-0.0693382,-0.00148915,0.556578,0.117099,0.956204,-0.0909137,0.252381,0.731769,-0.224896,0.698505,0.0831316,0.982107,0.0282889,-0.1666,0.128951,-0.0643075,0.499478,0.117099,0.956204,-0.0909137,0.252381,
1745832308.137232,-3.80831,-5.58478,2.39468,-2.29413,-3.56365,3.6853,-0.0693511,-0.00174898,0.55704,0.116523,0.957274,-0.0848194,0.250708,0.73057,-0.227022,0.700727,0.0464659,0.981167,0.0206124,-0.186355,0.129054,-0.0630596,0.498719,0.116523,0.957274,-0.0848194,0.250708,
1745832308.147096,-3.77885,-5.68533,2.3398,-2.31927,-3.57431,3.71461,-0.0693341,-0.00149092,0.556585,0.117085,0.95621,-0.0908135,0.2524,0.730579,-0.227006,0.700721,0.0464611,0.981144,0.0204091,-0.186499,0.128963,-0.0642823,0.499485,0.117085,0.95621,-0.0908135,0.2524,
1745832308.157150,-3.79995,-5.58518,2.39743,-2.29671,-3.55707,3.68631,-0.0693532,-0.00174274,0.557039,0.116579,0.957268,-0.0848588,0.250693,0.730576,-0.227011,0.700721,0.0464443,0.981144,0.0204575,-0.186499,0.129043,-0.0630818,0.498716,0.116579,0.957268,-0.0848588,0.250693,
1745832308.167220,-3.80563,-5.56955,2.36378,-2.28165,-3.56277,3.65912,-0.0694099,-0.00167637,0.55695,0.116104,0.957074,-0.0862094,0.251192,0.730529,-0.226966,0.700604,0.0462915,0.981081,0.0212528,-0.186775,0.129041,-0.0631344,0.49894,0.116104,0.957074,-0.0862094,0.251192,
1745832308.177145,-3.76034,-5.56409,2.3074,-2.25968,-3.54365,3.62965,-0.0693566,-0.00146363,0.556545,0.116813,0.956202,-0.0912268,0.25241,0.730563,-0.227014,0.700728,0.0465179,0.98117,0.0205106,-0.186335,0.128953,-0.0642468,0.499479,0.116813,0.956202,-0.0912268,0.25241,
1745832308.187185,-3.81091,-5.54371,2.41862,-2.27549,-3.55453,3.65902,-0.0693562,-0.00174443,0.557045,0.116522,0.957272,-0.0848098,0.250718,0.730579,-0.22701,0.700715,0.0464367,0.981143,0.0203792,-0.186514,0.129051,-0.0630525,0.498728,0.116522,0.957272,-0.0848098,0.250718,
1745832308.197098,-3.81139,-5.62608,2.35276,-2.28783,-3.59408,3.66175,-0.0693322,-0.00149038,0.55658,0.117071,0.956217,-0.0908654,0.252362,0.730566,-0.226995,0.700668,0.045925,0.98096,0.0211992,-0.187505,0.12896,-0.0642883,0.499467,0.117071,0.956217,-0.0908654,0.252362,
1745832308.207180,-4.07496,-5.39721,2.35007,-2.25983,-3.42821,3.44194,-0.0693595,-0.00175254,0.557033,0.116541,0.957272,-0.0847749,0.250724,0.731864,-0.225018,0.698385,0.084074,0.981668,0.0291084,-0.168557,0.129048,-0.0630598,0.498715,0.116541,0.957272,-0.0847749,0.250724,
1745832308.217223,-4.12695,-5.38318,2.40795,-2.23119,-3.45193,3.41707,-0.0693567,-0.00174489,0.557049,0.116514,0.957272,-0.0848814,0.250699,0.731663,-0.224779,0.698338,0.0843416,0.98194,0.030564,-0.166571,0.129046,-0.0630657,0.498729,0.116514,0.957272,-0.0848814,0.250699,
1745832308.227237,-3.78815,-5.61322,2.36367,-2.28261,-3.5658,3.66471,-0.0693344,-0.00149299,0.556579,0.117075,0.956209,-0.0908661,0.252392,0.730577,-0.227009,0.700723,0.0463963,0.981149,0.0204785,-0.186481,0.12896,-0.0642924,0.499479,0.117075,0.956209,-0.0908661,0.252392,
1745832308.237233,-4.14343,-5.34197,2.39965,-2.21073,-3.4522,3.4009,-0.0693558,-0.00175035,0.557043,0.116496,0.957281,-0.0848035,0.250701,0.731806,-0.224858,0.698133,0.0855763,0.982069,0.0294834,-0.165371,0.129052,-0.0630477,0.498718,0.116496,0.957281,-0.0848035,0.250701,
1745832308.247232,-3.74282,-5.6151,2.33324,-2.29348,-3.53937,3.65984,-0.0693351,-0.0014923,0.55658,0.11705,0.956214,-0.0908932,0.252376,0.73056,-0.226999,0.700666,0.045892,0.980972,0.0210495,-0.187467,0.128959,-0.0642888,0.499475,0.11705,0.956214,-0.0908932,0.252376,
1745832308.257159,-3.81403,-5.5216,2.38208,-2.2609,-3.56099,3.63247,-0.0693542,-0.00174631,0.557043,0.116513,0.957282,-0.084827,0.250681,0.730513,-0.226971,0.70061,0.0463389,0.981103,0.0214816,-0.186621,0.129048,-0.063055,0.498711,0.116513,0.957282,-0.084827,0.250681,
1745832308.267186,-3.77544,-5.57726,2.38695,-2.29954,-3.53614,3.67921,-0.0693524,-0.00174662,0.557042,0.116532,0.957277,-0.0848542,0.250681,0.730622,-0.227032,0.700789,0.046632,0.981091,0.0207057,-0.186698,0.129047,-0.0630679,0.498713,0.116532,0.957277,-0.0848542,0.250681,