# Timestamp, Fx, Fy, Fz, Tx, Ty, Tz, FemurPosX, FemurPosY, FemurPosZ, FemurQuatW, FemurQuatX, FemurQuatY, FemurQuatZ, TibiaPosX, TibiaPosY, TibiaPosZ, TibiaQuatW, TibiaQuatX, TibiaQuatY, TibiaQuatZ, Flexion, Adduction, Rotation, Anterior_Posterior, Medial_Lateral, Proximal_Distal
1.8594944477081299,0.0286694,-0.000809908,0.0477904,0.00317653,-0.0124709,0.00648351,0.074,0.492979,0.50804,0.320902,0.554434,0.645039,-0.416592,-0.00448825,0.239904,0.108261,0.768945,-0.0334296,0.2942,-0.566615,90.69038936498805,-174.7088014143782,-120.81381164379937,-27.189482784657066,-8.737324504578678,14.254673059927534
1.8604965209960938,0.0286694,-0.000809908,0.0477904,0.00317653,-0.0124709,0.00648351,0.074,0.492979,0.50804,0.320902,0.554434,0.645039,-0.416592,-0.00448825,0.239904,0.108261,0.768945,-0.0334296,0.2942,-0.566615,90.69038936498805,-174.7088014143782,-120.81381164379937,-27.189482784657066,-8.737324504578678,14.254673059927534
1.9415030479431152,0.0298452,0.00510526,0.0151193,0.00460326,-0.00594656,0.00796234,0.0740008,0.492977,0.508041,0.320902,0.554423,0.645043,-0.416601,-0.00449037,0.239994,0.108223,0.769651,-0.0332064,0.292989,-0.566296,90.78970324844259,-174.60058433939884,-121.61295471862833,-26.883359299845967,-9.269993670574218,13.833835387965667
1.9424693584442139,0.0298452,0.00510526,0.0151193,0.00460326,-0.00594656,0.00796234,0.0740008,0.492977,0.508041,0.320902,0.554423,0.645043,-0.416601,-0.00449037,0.239994,0.108223,0.769651,-0.0332064,0.292989,-0.566296,90.78970324844259,-174.60058433939884,-121.61295471862833,-26.883359299845967,-9.269993670574218,13.833835387965667
1.9946484565734863,0.00187588,-0.0205448,0.0480504,0.00142149,-0.00962798,0.00232409,0.0739979,0.492992,0.508032,0.320668,0.55475,0.645024,-0.416376,-0.0044714,0.239911,0.108273,0.76909,-0.0337961,0.29416,-0.566416,90.75815349500138,-174.68388204806837,-121.56142680097287,-27.274715961459545,-8.689557335737971,14.249433427208249
1.9956183433532715,0.00187588,-0.0205448,0.0480504,0.00142149,-0.00962798,0.00232409,0.0739979,0.492992,0.508032,0.320668,0.55475,0.645024,-0.416376,-0.0044714,0.239911,0.108273,0.76909,-0.0337961,0.29416,-0.566416,90.75815349500138,-174.68388204806837,-121.56142680097287,-27.274715961459545,-8.689557335737971,14.249433427208249
2.048035144805908,0.0381231,-0.00958943,0.0481504,0.00216967,-0.0130198,0.00535671,0.0740013,0.492982,0.508044,0.320913,0.554416,0.645088,-0.416533,-0.00446162,0.239891,0.1083,0.769801,-0.0345883,0.293347,-0.565825,90.85001270264684,-174.6006776118334,-122.39825499550595,-26.707560796540992,-8.878108833975306,13.74973558436509
2.049006462097168,0.0381231,-0.00958943,0.0481504,0.00216967,-0.0130198,0.00535671,0.0740013,0.492982,0.508044,0.320913,0.554416,0.645088,-0.416533,-0.00446162,0.239891,0.1083,0.769801,-0.0345883,0.293347,-0.565825,90.85001270264684,-174.6006776118334,-122.39825499550595,-26.707560796540992,-8.878108833975306,13.74973558436509
2.101910352706909,-0.0159216,-0.0233357,0.0350873,0.00140516,-0.00552847,0.00119319,0.0740178,0.492971,0.508075,0.320257,0.555664,0.644045,-0.416988,-0.00446324,0.239885,0.108279,0.769587,-0.0340929,0.292735,-0.566463,90.91089496872208,-174.47686475086473,-122.82410314386131,-26.862455609050038,-8.562932249603342,13.882040764430979
2.1028788089752197,-0.0159216,-0.0233357,0.0350873,0.00140516,-0.00552847,0.00119319,0.0740178,0.492971,0.508075,0.320257,0.555664,0.644045,-0.416988,-0.00446324,0.239885,0.108279,0.769587,-0.0340929,0.292735,-0.566463,90.91089496872208,-174.47686475086473,-122.82410314386131,-26.862455609050038,-8.562932249603342,13.882040764430979
2.1707630157470703,0.0109615,-0.0262468,0.0220584,0.00137285,-0.00541936,0.00138355,0.0740015,0.492978,0.508041,0.320909,0.554454,0.64503,-0.416575,-0.00447017,0.239907,0.108268,0.769162,-0.0337065,0.294133,-0.566339,90.71458348545168,-174.67627855172972,-121.05822060998766,-27.102589225971457,-8.734236273467717,14.158538203610048
2.1717426776885986,0.0109615,-0.0262468,0.0220584,0.00137285,-0.00541936,0.00138355,0.0740015,0.492978,0.508041,0.320909,0.554454,0.64503,-0.416575,-0.00447017,0.239907,0.108268,0.769162,-0.0337065,0.294133,-0.566339,90.71458348545168,-174.67627855172972,-121.05822060998766,-27.102589225971457,-8.734236273467717,14.158538203610048
2.2253847122192383,-0.0137873,0.0189183,0.0284413,0.00538207,-0.00448897,0.00951783,0.0740187,0.492968,0.508074,0.320302,0.555657,0.644017,-0.417006,-0.00446953,0.239907,0.10827,0.769168,-0.0337319,0.294107,-0.566343,90.74788855241691,-174.5167628478066,-121.29465965006717,-27.237905889946568,-8.245579494930288,14.280389656329366
2.226356267929077,-0.0137873,0.0189183,0.0284413,0.00538207,-0.00448897,0.00951783,0.0740187,0.492968,0.508074,0.320302,0.555657,0.644017,-0.417006,-0.00446953,0.239907,0.10827,0.769168,-0.0337319,0.294107,-0.566343,90.74788855241691,-174.5167628478066,-121.29465965006717,-27.237905889946568,-8.245579494930288,14.280389656329366
2.3713314533233643,0.0362339,-0.022146,0.0348223,0.00150824,-0.010396,0.00218328,0.0740013,0.492995,0.508057,0.320418,0.554563,0.644895,-0.417017,-0.00443815,0.23986,0.108309,0.769984,-0.0347772,0.292872,-0.56581,90.92839765358617,-174.5008587730401,-123.00186146734488,-26.63398518276408,-8.605591025167822,13.70474051582226
2.3723177909851074,0.0362339,-0.022146,0.0348223,0.00150824,-0.010396,0.00218328,0.0740013,0.492995,0.508057,0.320418,0.554563,0.644895,-0.417017,-0.00443815,0.23986,0.108309,0.769984,-0.0347772,0.292872,-0.56581,90.92839765358617,-174.5008587730401,-123.00186146734488,-26.63398518276408,-8.605591025167822,13.70474051582226
2.4388768672943115,-0.0681124,-0.0178659,0.0221452,0.00234293,0.00202381,0.00129316,0.0740161,0.492937,0.50804,0.321353,0.555406,0.644335,-0.416039,-0.0044672,0.239881,0.108289,0.769317,-0.034079,0.294337,-0.566,90.70033584663624,-174.6494829712382,-121.08660966081433,-27.073890555781066,-8.885143049732193,14.059816582179604
2.43985652923584,-0.0681124,-0.0178659,0.0221452,0.00234293,0.00202381,0.00129316,0.0740161,0.492937,0.50804,0.321353,0.555406,0.644335,-0.416039,-0.0044672,0.239881,0.108289,0.769317,-0.034079,0.294337,-0.566,90.70033584663624,-174.6494829712382,-121.08660966081433,-27.073890555781066,-8.885143049732193,14.059816582179604
2.4940717220306396,-0.0150557,0.0550706,0.0352783,0.00835886,-0.00513467,0.0172206,0.0739962,0.492995,0.508033,0.320684,0.554709,0.64505,-0.416378,-0.00445122,0.239896,0.108289,0.769319,-0.0339961,0.293895,-0.566232,90.79457503543054,-174.65486512827576,-121.90262528748973,-27.17068786385159,-8.756698391048669,14.128847342367024
2.495183229446411,-0.0150557,0.0550706,0.0352783,0.00835886,-0.00513467,0.0172206,0.0739962,0.492995,0.508033,0.320684,0.554709,0.64505,-0.416378,-0.00445122,0.239896,0.108289,0.769319,-0.0339961,0.293895,-0.566232,90.79457503543054,-174.65486512827576,-121.90262528748973,-27.17068786385159,-8.756698391048669,14.128847342367024
2.5499744415283203,0.0241842,-0.0139458,0.0348103,0.00245433,-0.00893861,0.00407477,0.0740007,0.492978,0.508042,0.320944,0.554434,0.645063,-0.416523,-0.00447144,0.239906,0.108269,0.769146,-0.0336795,0.294127,-0.566365,90.7133754121311,-174.68723363981564,-121.05740372849911,-27.109331336731852,-8.774552839458995,14.1608920954129
2.550950527191162,0.0241842,-0.0139458,0.0348103,0.00245433,-0.00893861,0.00407477,0.0740007,0.492978,0.508042,0.320944,0.554434,0.645063,-0.416523,-0.00447144,0.239906,0.108269,0.769146,-0.0336795,0.294127,-0.566365,90.7133754121311,-174.68723363981564,-121.05740372849911,-27.109331336731852,-8.774552839458995,14.1608920954129
2.6061830520629883,0.00782204,0.00304723,0.0219322,0.00419097,-0.00473276,0.00705902,0.0740166,0.492939,0.508042,0.32137,0.555398,0.644363,-0.415993,-0.00444424,0.239887,0.108287,0.769821,-0.0343436,0.292638,-0.566179,90.88351975370239,-174.60497487920432,-122.83142629341974,-26.615155190485673,-9.333124924263211,13.558507164920565
2.6071577072143555,0.00782204,0.00304723,0.0219322,0.00419097,-0.00473276,0.00705902,0.0740166,0.492939,0.508042,0.32137,0.555398,0.644363,-0.415993,-0.00444424,0.239887,0.108287,0.769821,-0.0343436,0.292638,-0.566179,90.88351975370239,-174.60497487920432,-122.83142629341974,-26.615155190485673,-9.333124924263211,13.558507164920565
2.661914587020874,0.00818348,0.0184662,0.0479443,0.0048868,-0.0104148,0.0100864,0.0740004,0.492976,0.508042,0.320942,0.554434,0.645017,-0.416597,-0.00445758,0.239866,0.108323,0.769865,-0.0347585,0.292567,-0.566131,90.92976051323227,-174.6015062336731,-123.17624137316112,-26.48599165210745,-8.985056637607869,13.532517646481889
2.6628856658935547,0.00818348,0.0184662,0.0479443,0.0048868,-0.0104148,0.0100864,0.0740004,0.492976,0.508042,0.320942,0.554434,0.645017,-0.416597,-0.00445758,0.239866,0.108323,0.769865,-0.0347585,0.292567,-0.566131,90.92976051323227,-174.6015062336731,-123.17624137316112,-26.48599165210745,-8.985056637607869,13.532517646481889
2.718360424041748,-0.0124979,-0.0480888,0.0287865,-0.000792414,-0.00431187,-0.00363496,0.074008,0.492967,0.508044,0.320472,0.555728,0.644193,-0.416508,-0.00445276,0.239895,0.108286,0.769309,-0.0339597,0.293921,-0.566234,90.79697838218438,-174.55522415379025,-121.89143343884018,-27.260872655203933,-8.524043095826913,14.181826764671627
2.719329595565796,-0.0124979,-0.0480888,0.0287865,-0.000792414,-0.00431187,-0.00363496,0.074008,0.492967,0.508044,0.320472,0.555728,0.644193,-0.416508,-0.00445276,0.239895,0.108286,0.769309,-0.0339597,0.293921,-0.566234,90.79697838218438,-174.55522415379025,-121.89143343884018,-27.260872655203933,-8.524043095826913,14.181826764671627
2.775165319442749,-0.00997543,-0.0178006,0.00944629,0.00212817,-0.000735105,0.00254558,0.0740137,0.492972,0.508051,0.32057,0.555863,0.644154,-0.416314,-0.00447219,0.239918,0.108279,0.769623,-0.0341411,0.293119,-0.566212,90.88809431767939,-174.53260242243533,-122.77813664850898,-27.01940984375998,-8.860099965501744,13.906982664375073
2.7761478424072266,-0.00997543,-0.0178006,0.00944629,0.00212817,-0.000735105,0.00254558,0.0740137,0.492972,0.508051,0.32057,0.555863,0.644154,-0.416314,-0.00447219,0.239918,0.108279,0.769623,-0.0341411,0.293119,-0.566212,90.88809431767939,-174.53260242243533,-122.77813664850898,-27.01940984375998,-8.860099965501744,13.906982664375073
2.831911325454712,-0.00217867,-0.0867536,0.0286383,-0.00422253,-0.00546102,-0.0114666,0.0739965,0.492992,0.508032,0.320683,0.554731,0.645014,-0.416404,-0.00446637,0.23989,0.108301,0.769779,-0.0345779,0.293361,-0.565848,90.88130845010916,-174.58815271686623,-122.7281057175012,-26.877792045676035,-8.851581457112863,13.835768504510277
2.832885503768921,-0.00217867,-0.0867536,0.0286383,-0.00422253,-0.00546102,-0.0114666,0.0739965,0.492992,0.508032,0.320683,0.554731,0.645014,-0.416404,-0.00446637,0.23989,0.108301,0.769779,-0.0345779,0.293361,-0.565848,90.88130845010916,-174.58815271686623,-122.7281057175012,-26.877792045676035,-8.851581457112863,13.835768504510277
2.8872716426849365,0.0248508,-0.00287414,0.0153493,0.0036726,-0.00542268,0.00599165,0.0740029,0.492981,0.508043,0.320869,0.554498,0.645074,-0.416479,-0.00444644,0.239887,0.108289,0.769813,-0.034372,0.292658,-0.566178,90.91158676196005,-174.60810817687698,-122.97724129594799,-26.648310472231195,-9.08172837625593,13.654095624160124
2.888237953186035,0.0248508,-0.00287414,0.0153493,0.0036726,-0.00542268,0.00599165,0.0740029,0.492981,0.508043,0.320869,0.554498,0.645074,-0.416479,-0.00444644,0.239887,0.108289,0.769813,-0.034372,0.292658,-0.566178,90.91158676196005,-174.60810817687698,-122.97724129594799,-26.648310472231195,-9.08172837625593,13.654095624160124
2.943822145462036,0.0466061,0.0499895,0.00905734,0.00836253,-0.00583909,0.0174183,0.0739997,0.492977,0.508042,0.320939,0.554414,0.645058,-0.416561,-0.00447104,0.239908,0.108269,0.769151,-0.0336955,0.294121,-0.56636,90.71294175655125,-174.68379061555012,-121.04575616970503,-27.092417125007206,-8.753242253637397,14.151168061659732
2.9448020458221436,0.0466061,0.0499895,0.00905734,0.00836253,-0.00583909,0.0174183,0.0739997,0.492977,0.508042,0.320939,0.554414,0.645058,-0.416561,-0.00447104,0.239908,0.108269,0.769151,-0.0336955,0.294121,-0.56636,90.71294175655125,-174.68379061555012,-121.04575616970503,-27.092417125007206,-8.753242253637397,14.151168061659732
3.0000455379486084,0.0217276,0.0140622,0.0220653,0.0049471,-0.0061293,0.00943088,0.0739991,0.492978,0.50804,0.320922,0.554436,0.645054,-0.416551,-0.00450133,0.239931,0.108257,0.769416,-0.0336299,0.292275,-0.56696,90.89104335621825,-174.67358832448852,-122.75232617249733,-26.67467923498701,-9.261990608443377,13.691052903641076
3.0010318756103516,0.0217276,0.0140622,0.0220653,0.0049471,-0.0061293,0.00943088,0.0739991,0.492978,0.50804,0.320922,0.554436,0.645054,-0.416551,-0.00450133,0.239931,0.108257,0.769416,-0.0336299,0.292275,-0.56696,90.89104335621825,-174.67358832448852,-122.75232617249733,-26.67467923498701,-9.261990608443377,13.691052903641076
3.056506633758545,-0.00580406,-0.00298715,0.0155094,0.00366298,-0.00245946,0.00536564,0.0740159,0.492954,0.508059,0.320824,0.55554,0.644169,-0.416526,-0.00447064,0.23992,0.10829,0.769231,-0.0339583,0.293724,-0.566443,90.7769084652353,-174.59616847778483,-121.72042532563648,-27.028070005435087,-8.640724488452348,14.029682406185895
3.057495594024658,-0.00580406,-0.00298715,0.0155094,0.00366298,-0.00245946,0.00536564,0.0740159,0.492954,0.508059,0.320824,0.55554,0.644169,-0.416526,-0.00447064,0.23992,0.10829,0.769231,-0.0339583,0.293724,-0.566443,90.7769084652353,-174.59616847778483,-121.72042532563648,-27.028070005435087,-8.640724488452348,14.029682406185895
3.112595796585083,-0.0912747,-0.0290267,0.0289484,0.000908752,0.00271661,-0.00190022,0.0740174,0.492955,0.508059,0.320828,0.555538,0.644192,-0.416488,-0.00446334,0.239885,0.108281,0.769617,-0.0341161,0.292726,-0.566425,90.88548849751474,-174.554279367618,-122.72219499226226,-26.76897791331333,-8.95301538726041,13.756211053913688
3.113527297973633,-0.0912747,-0.0290267,0.0289484,0.000908752,0.00271661,-0.00190022,0.0740174,0.492955,0.508059,0.320828,0.555538,0.644192,-0.416488,-0.00446334,0.239885,0.108281,0.769617,-0.0341161,0.292726,-0.566425,90.88548849751474,-174.554279367618,-122.72219499226226,-26.76897791331333,-8.95301538726041,13.756211053913688
3.173373222351074,0.0419493,-0.0225523,0.0350434,0.00146505,-0.0104554,0.00291325,0.0740172,0.49297,0.508074,0.320299,0.555658,0.644036,-0.416977,-0.00446371,0.239891,0.108297,0.769795,-0.0345212,0.293365,-0.565827,90.87225530205056,-174.435513155911,-122.47443052866427,-26.87682913207636,-8.394056914424855,13.897926490372722
3.1743483543395996,0.0419493,-0.0225523,0.0350434,0.00146505,-0.0104554,0.00291325,0.0740172,0.49297,0.508074,0.320299,0.555658,0.644036,-0.416977,-0.00446371,0.239891,0.108297,0.769795,-0.0345212,0.293365,-0.565827,90.87225530205056,-174.435513155911,-122.47443052866427,-26.87682913207636,-8.394056914424855,13.897926490372722
3.2305727005004883,-0.0260897,-0.0427239,0.0350932,-0.000314647,-0.0046214,-0.00303548,0.0739998,0.49296,0.508024,0.321485,0.554315,0.645181,-0.416081,-0.0044613,0.239876,0.108271,0.769143,-0.0336401,0.293755,-0.566565,90.71884267929268,-174.76971537137265,-121.2217300500683,-26.964764719083583,-9.206894448548255,13.997902801286376
3.2315561771392822,-0.0260897,-0.0427239,0.0350932,-0.000314647,-0.0046214,-0.00303548,0.0739998,0.49296,0.508024,0.321485,0.554315,0.645181,-0.416081,-0.0044613,0.239876,0.108271,0.769143,-0.0336401,0.293755,-0.566565,90.71884267929268,-174.76971537137265,-121.2217300500683,-26.964764719083583,-9.206894448548255,13.997902801286376
3.287614345550537,-0.0100574,-0.0817955,0.0351664,-0.00378799,-0.0058298,-0.0101373,0.0740156,0.492955,0.508058,0.320801,0.555544,0.644167,-0.416541,-0.00444547,0.239889,0.108286,0.769812,-0.03434,0.29268,-0.56617,90.90297956603676,-174.51631846537245,-122.86209846054525,-26.696049543432256,-8.911838817972543,13.677891871534188
3.2885935306549072,-0.0100574,-0.0817955,0.0351664,-0.00378799,-0.0058298,-0.0101373,0.0740156,0.492955,0.508058,0.320801,0.555544,0.644167,-0.416541,-0.00444547,0.239889,0.108286,0.769812,-0.03434,0.29268,-0.56617,90.90297956603676,-174.51631846537245,-122.86209846054525,-26.696049543432256,-8.911838817972543,13.677891871534188
3.3448407649993896,0.0217772,0.0131028,0.0416374,0.00440915,-0.0101054,0.00948726,0.0739995,0.49298,0.508013,0.321245,0.554689,0.645161,-0.4158,-0.00448998,0.239913,0.10827,0.769402,-0.0338995,0.293225,-0.566473,90.83193520991254,-174.7352924104111,-122.40260161407878,-26.959559026582053,-9.392664388506143,13.864615326418228
3.345818042755127,0.0217772,0.0131028,0.0416374,0.00440915,-0.0101054,0.00948726,0.0739995,0.49298,0.508013,0.321245,0.554689,0.645161,-0.4158,-0.00448998,0.239913,0.10827,0.769402,-0.0338995,0.293225,-0.566473,90.83193520991254,-174.7352924104111,-122.40260161407878,-26.959559026582053,-9.392664388506143,13.864615326418228
3.403531074523926,-0.0458937,-0.00667691,0.0221514,0.00311673,-0.0003407,0.00363056,0.0739993,0.492978,0.50804,0.320952,0.554424,0.645024,-0.416592,-0.00448831,0.239919,0.108275,0.768625,-0.0336153,0.294535,-0.566864,90.66632225192076,-174.7663042374097,-120.66466162541847,-27.2068639520462,-8.51114196112827,14.32522024413542
3.4045119285583496,-0.0458937,-0.00667691,0.0221514,0.00311673,-0.0003407,0.00363056,0.0739993,0.492978,0.50804,0.320952,0.554424,0.645024,-0.416592,-0.00448831,0.239919,0.108275,0.768625,-0.0336153,0.294535,-0.566864,90.66632225192076,-174.7663042374097,-120.66466162541847,-27.2068639520462,-8.51114196112827,14.32522024413542
3.4620749950408936,-0.0234871,-0.00199866,0.0480553,0.00307352,-0.0076033,0.00549359,0.0740161,0.492952,0.508058,0.320835,0.555516,0.644173,-0.416542,-0.00452775,0.239951,0.108235,0.768746,-0.0328898,0.293757,-0.567146,90.70266792829801,-174.66433556842773,-120.92234532335613,-27.259792279136448,-8.823201293951236,14.260818747183372
3.4630472660064697,-0.0234871,-0.00199866,0.0480553,0.00307352,-0.0076033,0.00549359,0.0740161,0.492952,0.508058,0.320835,0.555516,0.644173,-0.416542,-0.00452775,0.239951,0.108235,0.768746,-0.0328898,0.293757,-0.567146,90.70266792829801,-174.66433556842773,-120.92234532335613,-27.259792279136448,-8.823201293951236,14.260818747183372
3.521151065826416,-0.00578594,-0.0153444,0.0223512,0.00211939,-0.00385276,0.00312955,0.0739991,0.492979,0.508042,0.320921,0.554436,0.645042,-0.416571,-0.00447088,0.239911,0.108268,0.76915,-0.033671,0.294108,-0.56637,90.71377506312756,-174.68049942393634,-121.04817838956113,-27.10093762500984,-8.750320790254566,14.15569035641784
3.5221409797668457,-0.00578594,-0.0153444,0.0223512,0.00211939,-0.00385276,0.00312955,0.0739991,0.492979,0.508042,0.320921,0.554436,0.645042,-0.416571,-0.00447088,0.239911,0.108268,0.76915,-0.033671,0.294108,-0.56637,90.71377506312756,-174.68049942393634,-121.04817838956113,-27.10093762500984,-8.750320790254566,14.15569035641784
3.580038547515869,0.00145721,-0.0199769,0.0480144,0.00147217,-0.00958262,0.00217574,0.0739906,0.492998,0.508028,0.320385,0.555313,0.644827,-0.416148,-0.0044667,0.240015,0.10821,0.769645,-0.0336495,0.29433,-0.565583,90.77271150763374,-174.5492473695501,-121.60572015782876,-27.460367026472724,-8.828733838931575,14.259730451424716
3.5810234546661377,0.00145721,-0.0199769,0.0480144,0.00147217,-0.00958262,0.00217574,0.0739906,0.492998,0.508028,0.320385,0.555313,0.644827,-0.416148,-0.0044667,0.240015,0.10821,0.769645,-0.0336495,0.29433,-0.565583,90.77271150763374,-174.5492473695501,-121.60572015782876,-27.460367026472724,-8.828733838931575,14.259730451424716
3.638812303543091,0.0157661,-0.0152285,0.0418184,0.00167481,-0.00973323,0.00354976,0.0739953,0.492993,0.508033,0.320666,0.554727,0.645041,-0.416381,-0.00446219,0.239886,0.10828,0.769604,-0.0341003,0.292735,-0.566439,90.91563435722372,-174.6276557175685,-123.04319646777682,-26.874258844298527,-9.063340451624045,13.820275941263848
3.6397976875305176,0.0157661,-0.0152285,0.0418184,0.00167481,-0.00973323,0.00354976,0.0739953,0.492993,0.508033,0.320666,0.554727,0.645041,-0.416381,-0.00446219,0.239886,0.10828,0.769604,-0.0341003,0.292735,-0.566439,90.91563435722372,-174.6276557175685,-123.04319646777682,-26.874258844298527,-9.063340451624045,13.820275941263848
3.6982345581054688,-0.00832462,-0.0513318,0.0353265,-0.00130403,-0.00613817,-0.0041973,0.0740012,0.492977,0.508041,0.320956,0.554423,0.645026,-0.416585,-0.00446518,0.239881,0.108291,0.769325,-0.0341169,0.294324,-0.565993,90.7164163628961,-174.65236826009362,-121.10412314076267,-27.03415638261631,-8.641440831562479,14.110193264979749
3.6992132663726807,-0.00832462,-0.0513318,0.0353265,-0.00130403,-0.00613817,-0.0041973,0.0740012,0.492977,0.508041,0.320956,0.554423,0.645026,-0.416585,-0.00446518,0.239881,0.108291,0.769325,-0.0341169,0.294324,-0.565993,90.7164163628961,-174.65236826009362,-121.10412314076267,-27.03415638261631,-8.641440831562479,14.110193264979749
3.7573657035827637,0.0119629,-0.0115936,0.0157422,0.00267371,-0.0039763,0.00420417,0.0739989,0.493007,0.508047,0.320177,0.554855,0.644874,-0.416845,-0.0044632,0.239881,0.108288,0.769348,-0.0340647,0.294322,-0.565967,90.77957272127914,-174.56286312628163,-121.63463132488549,-27.318323048114266,-8.317720046821679,14.31574936447052
3.758342742919922,0.0119629,-0.0115936,0.0157422,0.00267371,-0.0039763,0.00420417,0.0739989,0.493007,0.508047,0.320177,0.554855,0.644874,-0.416845,-0.0044632,0.239881,0.108288,0.769348,-0.0340647,0.294322,-0.565967,90.77957272127914,-174.56286312628163,-121.63463132488549,-27.318323048114266,-8.317720046821679,14.31574936447052
3.8173859119415283,0.0161676,-0.00343871,0.0350122,0.00316775,-0.00838529,0.00593433,0.0740169,0.492956,0.50806,0.320808,0.555532,0.644192,-0.416513,-0.00454394,0.239955,0.108238,0.769029,-0.0331205,0.292797,-0.567245,90.81591123819729,-174.63907808475182,-122.02535186908374,-26.989110272761206,-9.071307078132758,13.970833154301326
3.818358898162842,0.0161676,-0.00343871,0.0350122,0.00316775,-0.00838529,0.00593433,0.0740169,0.492956,0.50806,0.320808,0.555532,0.644192,-0.416513,-0.00454394,0.239955,0.108238,0.769029,-0.0331205,0.292797,-0.567245,90.81591123819729,-174.63907808475182,-122.02535186908374,-26.989110272761206,-9.071307078132758,13.970833154301326
3.8765907287597656,0.00182724,-0.0376418,0.0289554,-8.69901e-05,-0.00575383,-0.00111473,0.0740018,0.492976,0.508041,0.320929,0.554418,0.645055,-0.41657,-0.00447072,0.239916,0.108291,0.769251,-0.0339684,0.293715,-0.566419,90.77112265807204,-174.67818945969296,-121.64515064365808,-26.940056837624468,-8.78517312870934,13.986328577781968
3.8775217533111572,0.00182724,-0.0376418,0.0289554,-8.69901e-05,-0.00575383,-0.00111473,0.0740018,0.492976,0.508041,0.320929,0.554418,0.645055,-0.41657,-0.00447072,0.239916,0.108291,0.769251,-0.0339684,0.293715,-0.566419,90.77112265807204,-174.67818945969296,-121.64515064365808,-26.940056837624468,-8.78517312870934,13.986328577781968
3.9338736534118652,-0.0123672,0.0330031,0.0221613,0.00663221,-0.00309129,0.0124867,0.0740019,0.492991,0.508056,0.320434,0.554569,0.644862,-0.417047,-0.00444488,0.239887,0.108287,0.769816,-0.0343654,0.29266,-0.566174,90.91864222221197,-174.52523363292602,-122.88213578091316,-26.657699258729373,-8.698401736114715,13.723305351190165
3.9348063468933105,-0.0123672,0.0330031,0.0221613,0.00663221,-0.00309129,0.0124867,0.0740019,0.492991,0.508056,0.320434,0.554569,0.644862,-0.417047,-0.00444488,0.239887,0.108287,0.769816,-0.0343654,0.29266,-0.566174,90.91864222221197,-174.52523363292602,-122.88213578091316,-26.657699258729373,-8.698401736114715,13.723305351190165
3.9926865100860596,0.0301056,0.0189741,0.0478753,0.0049295,-0.0123646,0.0105987,0.0740165,0.492953,0.50806,0.320821,0.555526,0.644207,-0.416489,-0.00444166,0.23986,0.108309,0.769976,-0.0347531,0.292895,-0.56581,90.91009737147672,-174.49708146133025,-122.96550948403839,-26.660719539683335,-8.840044456543989,13.649268231104926
3.9936301708221436,0.0301056,0.0189741,0.0478753,0.0049295,-0.0123646,0.0105987,0.0740165,0.492953,0.50806,0.320821,0.555526,0.644207,-0.416489,-0.00444166,0.23986,0.108309,0.769976,-0.0347531,0.292895,-0.56581,90.91009737147672,-174.49708146133025,-122.96550948403839,-26.660719539683335,-8.840044456543989,13.649268231104926
4.0513410568237305,0.018157,-0.0479763,0.0286263,-0.000782843,-0.0072751,-0.00300905,0.0740136,0.492951,0.508031,0.321157,0.55571,0.6443,-0.415839,-0.00443839,0.239852,0.1083,0.769521,-0.0343417,0.293927,-0.56592,90.79162596971345,-174.61972101275512,-122.02695839831547,-27.10223529089251,-8.96388287456616,14.000325787917198
4.052300453186035,0.018157,-0.0479763,0.0286263,-0.000782843,-0.0072751,-0.00300905,0.0740136,0.492951,0.508031,0.321157,0.55571,0.6443,-0.415839,-0.00443839,0.239852,0.1083,0.769521,-0.0343417,0.293927,-0.56592,90.79162596971345,-174.61972101275512,-122.02695839831547,-27.10223529089251,-8.96388287456616,14.000325787917198
4.1108105182647705,0.0195198,-0.017904,0.0483224,0.00121386,-0.0115141,0.00283896,0.0740139,0.492972,0.508052,0.320617,0.555828,0.644161,-0.416313,-0.0045429,0.239948,0.10823,0.768566,-0.0326925,0.29382,-0.567369,90.72359905051069,-174.6883248295514,-121.18542168078366,-27.513248147010998,-8.853042060430123,14.432701855466052
4.111893177032471,0.0195198,-0.017904,0.0483224,0.00121386,-0.0115141,0.00283896,0.0740139,0.492972,0.508052,0.320617,0.555828,0.644161,-0.416313,-0.0045429,0.239948,0.10823,0.768566,-0.0326925,0.29382,-0.567369,90.72359905051069,-174.6883248295514,-121.18542168078366,-27.513248147010998,-8.853042060430123,14.432701855466052
4.176770925521851,0.0161524,-0.00913787,0.0286473,0.0026649,-0.007094,0.00478804,0.0739964,0.492976,0.50804,0.320909,0.554432,0.645027,-0.416608,-0.00448965,0.239904,0.108258,0.768964,-0.0334025,0.294196,-0.566594,90.68692716026224,-174.7034545782936,-120.76791123697046,-27.184735516874444,-8.74333437974073,14.250528752577777
4.177744388580322,0.0161524,-0.00913787,0.0286473,0.0026649,-0.007094,0.00478804,0.0739964,0.492976,0.50804,0.320909,0.554432,0.645027,-0.416608,-0.00448965,0.239904,0.108258,0.768964,-0.0334025,0.294196,-0.566594,90.68692716026224,-174.7034545782936,-120.76791123697046,-27.184735516874444,-8.74333437974073,14.250528752577777
4.237145185470581,0.00438023,0.0221012,0.0218683,0.0058857,-0.00465787,0.0107408,0.0740165,0.492958,0.508063,0.320789,0.55554,0.644199,-0.416507,-0.00446767,0.239923,0.108284,0.768862,-0.0338733,0.294428,-0.566583,90.70968451037021,-174.6484091853016,-121.12530557136886,-27.23182805065846,-8.391225755755858,14.278995296080536
4.238114356994629,0.00438023,0.0221012,0.0218683,0.0058857,-0.00465787,0.0107408,0.0740165,0.492958,0.508063,0.320789,0.55554,0.644199,-0.416507,-0.00446767,0.239923,0.108284,0.768862,-0.0338733,0.294428,-0.566583,90.70968451037021,-174.6484091853016,-121.12530557136886,-27.23182805065846,-8.391225755755858,14.278995296080536
4.297832489013672,0.00525188,-0.044338,0.0221774,-0.000238102,-0.00443549,-0.0025603,0.0739955,0.492977,0.50804,0.320889,0.55442,0.645046,-0.416611,-0.00452269,0.239934,0.108265,0.769362,-0.0337521,0.292934,-0.566686,90.83429070727621,-174.66487240272136,-122.20408049141538,-26.78466294698943,-9.054302528020274,13.819893634344767
4.298810243606567,0.00525188,-0.044338,0.0221774,-0.000238102,-0.00443549,-0.0025603,0.0739955,0.492977,0.50804,0.320889,0.55442,0.645046,-0.416611,-0.00452269,0.239934,0.108265,0.769362,-0.0337521,0.292934,-0.566686,90.83429070727621,-174.66487240272136,-122.20408049141538,-26.78466294698943,-9.054302528020274,13.819893634344767
4.358405828475952,0.0259342,0.00416064,0.0418124,0.00339469,-0.0106403,0.00777862,0.0739966,0.492974,0.50804,0.320949,0.554402,0.645036,-0.416605,-0.00447186,0.239928,0.10829,0.769325,-0.0343406,0.293416,-0.566451,90.82036284759592,-174.67619817511593,-122.16902137136525,-26.74374914629233,-8.740095358474532,13.832808401785485
4.359381437301636,0.0259342,0.00416064,0.0418124,0.00339469,-0.0106403,0.00777862,0.0739966,0.492974,0.50804,0.320949,0.554402,0.645036,-0.416605,-0.00447186,0.239928,0.10829,0.769325,-0.0343406,0.293416,-0.566451,90.82036284759592,-174.67619817511593,-122.16902137136525,-26.74374914629233,-8.740095358474532,13.832808401785485
4.419056415557861,-0.0386333,-0.0236671,0.0546564,0.000925885,-0.00746379,0.000440539,0.0740149,0.492958,0.508061,0.320771,0.555554,0.644194,-0.416509,-0.00450113,0.23993,0.108259,0.769435,-0.0336496,0.29225,-0.566946,90.90706452147951,-174.58422904131157,-122.9001735804847,-26.767238176885904,-9.12316227461843,13.732315596971487
4.4200334548950195,-0.0386333,-0.0236671,0.0546564,0.000925885,-0.00746379,0.000440539,0.0740149,0.492958,0.508061,0.320771,0.555554,0.644194,-0.416509,-0.00450113,0.23993,0.108259,0.769435,-0.0336496,0.29225,-0.566946,90.90706452147951,-174.58422904131157,-122.9001735804847,-26.767238176885904,-9.12316227461843,13.732315596971487
4.480078935623169,0.000626564,0.0247767,0.0153643,0.00634666,-0.00287702,0.0114516,0.0740186,0.492959,0.508061,0.320797,0.555595,0.644229,-0.41638,-0.00447199,0.239916,0.108278,0.769624,-0.034166,0.293155,-0.566191,90.85755966203311,-174.55166042410391,-122.48075794939764,-26.8792265037252,-8.89432608127828,13.839409612443577
4.481059312820435,0.000626564,0.0247767,0.0153643,0.00634666,-0.00287702,0.0114516,0.0740186,0.492959,0.508061,0.320797,0.555595,0.644229,-0.41638,-0.00447199,0.239916,0.108278,0.769624,-0.034166,0.293155,-0.566191,90.85755966203311,-174.55166042410391,-122.48075794939764,-26.8792265037252,-8.89432608127828,13.839409612443577
4.540781021118164,0.0192385,-0.0228851,0.0546123,0.000985676,-0.0123907,0.00216034,0.073999,0.492979,0.508044,0.32091,0.554427,0.645062,-0.416561,-0.0044476,0.239887,0.108288,0.769818,-0.0343496,0.292641,-0.566181,90.90162308066242,-174.60437815497656,-122.85711376423048,-26.60452044381028,-9.067330693744553,13.633209052422346
4.541752815246582,0.0192385,-0.0228851,0.0546123,0.000985676,-0.0123907,0.00216034,0.073999,0.492979,0.508044,0.32091,0.554427,0.645062,-0.416561,-0.0044476,0.239887,0.108288,0.769818,-0.0343496,0.292641,-0.566181,90.90162308066242,-174.60437815497656,-122.85711376423048,-26.60452044381028,-9.067330693744553,13.633209052422346
4.6020355224609375,0.000407219,-0.0517271,0.0352353,-0.00133716,-0.0071515,-0.0040837,0.0739978,0.492961,0.508024,0.321463,0.554315,0.645189,-0.416086,-0.0044896,0.239923,0.108269,0.769703,-0.0347683,0.293745,-0.56574,90.79413479384428,-174.68712685532688,-122.02412997214103,-26.610917228298767,-9.067048976343727,13.69259140986134
4.603015422821045,0.000407219,-0.0517271,0.0352353,-0.00133716,-0.0071515,-0.0040837,0.0739978,0.492961,0.508024,0.321463,0.554315,0.645189,-0.416086,-0.0044896,0.239923,0.108269,0.769703,-0.0347683,0.293745,-0.56574,90.79413479384428,-174.68712685532688,-122.02412997214103,-26.610917228298767,-9.067048976343727,13.69259140986134
4.663410663604736,-0.0291281,-0.029938,0.0287004,0.000826479,-0.00330062,-0.000351837,0.0740177,0.492951,0.508061,0.320843,0.555499,0.64422,-0.416488,-0.00444461,0.239897,0.108303,0.769536,-0.0345494,0.292922,-0.566408,90.89449189262238,-174.57692527652426,-122.89851642138655,-26.702283620155722,-8.743825013902123,13.726395660488174
4.664385795593262,-0.0291281,-0.029938,0.0287004,0.000826479,-0.00330062,-0.000351837,0.0740177,0.492951,0.508061,0.320843,0.555499,0.64422,-0.416488,-0.00444461,0.239897,0.108303,0.769536,-0.0345494,0.292922,-0.566408,90.89449189262238,-174.57692527652426,-122.89851642138655,-26.702283620155722,-8.743825013902123,13.726395660488174
4.724661111831665,-0.00837326,-0.0503709,0.0157542,-0.000765976,-0.0021622,-0.00425336,0.0740028,0.492979,0.508042,0.320924,0.554464,0.64507,-0.416488,-0.00446407,0.239892,0.10828,0.769886,-0.0349561,0.293275,-0.565724,90.88289166266163,-174.5953334213797,-122.76693414604213,-26.57962342495883,-8.828003987311469,13.671976579082976
4.725640296936035,-0.00837326,-0.0503709,0.0157542,-0.000765976,-0.0021622,-0.00425336,0.0740028,0.492979,0.508042,0.320924,0.554464,0.64507,-0.416488,-0.00446407,0.239892,0.10828,0.769886,-0.0349561,0.293275,-0.565724,90.88289166266163,-174.5953334213797,-122.76693414604213,-26.57962342495883,-8.828003987311469,13.671976579082976
4.785693645477295,-0.0438557,-0.0521743,0.0353373,-0.00137184,-0.00320645,-0.00525654,0.0740166,0.49297,0.508074,0.320303,0.555639,0.644044,-0.416988,-0.00446582,0.23988,0.10829,0.769338,-0.0341092,0.294311,-0.565983,90.75335384263093,-174.4916544354306,-121.37363050764583,-27.208306868749084,-8.165256766211293,14.257811404405794
4.7866597175598145,-0.0438557,-0.0521743,0.0353373,-0.00137184,-0.00320645,-0.00525654,0.0740166,0.49297,0.508074,0.320303,0.555639,0.644044,-0.416988,-0.00446582,0.23988,0.10829,0.769338,-0.0341092,0.294311,-0.565983,90.75335384263093,-174.4916544354306,-121.37363050764583,-27.208306868749084,-8.165256766211293,14.257811404405794
4.847803592681885,0.0105591,-0.0199797,0.0283873,0.00192638,-0.00666537,0.00238151,0.0740001,0.492956,0.508023,0.321479,0.554306,0.645177,-0.416104,-0.00448137,0.239874,0.108281,0.769088,-0.0338302,0.29442,-0.566282,90.665572741636,-174.76666483809973,-120.71441186966872,-27.05978477918618,-9.003809748863159,14.11483469295249
4.848782539367676,0.0105591,-0.0199797,0.0283873,0.00192638,-0.00666537,0.00238151,0.0740001,0.492956,0.508023,0.321479,0.554306,0.645177,-0.416104,-0.00448137,0.239874,0.108281,0.769088,-0.0338302,0.29442,-0.566282,90.665572741636,-174.76666483809973,-120.71441186966872,-27.05978477918618,-9.003809748863159,14.11483469295249
4.909993648529053,-0.0177603,-0.054909,0.0418083,-0.00184072,-0.00698259,-0.00530648,0.0740176,0.492953,0.508059,0.320798,0.555539,0.644191,-0.416513,-0.00447266,0.239916,0.10829,0.769243,-0.0339572,0.293695,-0.566441,90.78349347715333,-174.59535365795088,-121.78404017207946,-27.03607931426616,-8.656519027408123,14.030612826113941
4.910961627960205,-0.0177603,-0.054909,0.0418083,-0.00184072,-0.00698259,-0.00530648,0.0740176,0.492953,0.508059,0.320798,0.555539,0.644191,-0.416513,-0.00447266,0.239916,0.10829,0.769243,-0.0339572,0.293695,-0.566441,90.78349347715333,-174.59535365795088,-121.78404017207946,-27.03607931426616,-8.656519027408123,14.030612826113941
4.971336841583252,-0.00580406,-0.00298715,0.0155094,0.00366298,-0.00245946,0.00536564,0.074018,0.492952,0.50806,0.320799,0.555508,0.644203,-0.416534,-0.00447088,0.239916,0.108276,0.769621,-0.0341111,0.293114,-0.566219,90.84710123218164,-174.54122097243976,-122.33544163402205,-26.83171406177526,-8.850060723665223,13.816591701421377
4.972336292266846,-0.00580406,-0.00298715,0.0155094,0.00366298,-0.00245946,0.00536564,0.074018,0.492952,0.50806,0.320799,0.555508,0.644203,-0.416534,-0.00447088,0.239916,0.108276,0.769621,-0.0341111,0.293114,-0.566219,90.84710123218164,-174.54122097243976,-122.33544163402205,-26.83171406177526,-8.850060723665223,13.816591701421377
5.032399654388428,0.0848751,0.0278056,0.0155014,0.00616579,-0.0107035,0.0138002,0.0740169,0.492952,0.508058,0.320807,0.555517,0.644181,-0.416552,-0.00452495,0.239948,0.108236,0.768768,-0.0329289,0.293684,-0.567151,90.71483329005353,-174.66068606332624,-121.04192741547669,-27.243409392973,-8.822113684289961,14.243420290311592
5.033318281173706,0.0848751,0.0278056,0.0155014,0.00616579,-0.0107035,0.0138002,0.0740169,0.492952,0.508058,0.320807,0.555517,0.644181,-0.416552,-0.00452495,0.239948,0.108236,0.768768,-0.0329289,0.293684,-0.567151,90.71483329005353,-174.66068606332624,-121.04192741547669,-27.243409392973,-8.822113684289961,14.243420290311592
5.093245029449463,0.0105267,-0.0313776,0.0156573,0.000920729,-0.00408261,8.89957e-05,0.0740168,0.492953,0.50806,0.320789,0.555545,0.644205,-0.41649,-0.00444068,0.23986,0.10832,0.769602,-0.0345682,0.293461,-0.566038,90.8478431717695,-174.54788291206276,-122.42729304587034,-26.872067819540867,-8.640749398445749,13.870680701339117
5.09417724609375,0.0105267,-0.0313776,0.0156573,0.000920729,-0.00408261,8.89957e-05,0.0740168,0.492953,0.50806,0.320789,0.555545,0.644205,-0.41649,-0.00444068,0.23986,0.10832,0.769602,-0.0345682,0.293461,-0.566038,90.8478431717695,-174.54788291206276,-122.42729304587034,-26.872067819540867,-8.640749398445749,13.870680701339117
5.172864198684692,0.00798893,-0.0673645,0.0286323,-0.00250265,-0.00636803,-0.00723771,0.0740191,0.492936,0.508039,0.321364,0.555418,0.644315,-0.416045,-0.00444812,0.239936,0.108273,0.769015,-0.0336156,0.293685,-0.566776,90.73363331005875,-174.70926143921696,-121.4113526953018,-27.029132051585947,-9.020680917574897,13.996575224679093
5.17384672164917,0.00798893,-0.0673645,0.0286323,-0.00250265,-0.00636803,-0.00723771,0.0740191,0.492936,0.508039,0.321364,0.555418,0.644315,-0.416045,-0.00444812,0.239936,0.108273,0.769015,-0.0336156,0.293685,-0.566776,90.73363331005875,-174.70926143921696,-121.4113526953018,-27.029132051585947,-9.020680917574897,13.996575224679093
5.2353293895721436,0.00756931,0.00990415,0.0410892,0.00457606,-0.00921865,0.00850416,0.0740187,0.492962,0.508072,0.320307,0.555631,0.644045,-0.416993,-0.00444407,0.239867,0.108275,0.769372,-0.033898,0.293688,-0.566273,90.79952330365008,-174.4951281413473,-121.77726047200011,-27.120357254648525,-8.34826054301907,14.157749161620819
5.236305236816406,0.00756931,0.00990415,0.0410892,0.00457606,-0.00921865,0.00850416,0.0740187,0.492962,0.508072,0.320307,0.555631,0.644045,-0.416993,-0.00444407,0.239867,0.108275,0.769372,-0.033898,0.293688,-0.566273,90.79952330365008,-174.4951281413473,-121.77726047200011,-27.120357254648525,-8.34826054301907,14.157749161620819
5.297203063964844,-0.00565052,0.047251,0.0160661,0.00788999,-0.0017076,0.0160375,0.0740087,0.492925,0.508034,0.32045,0.555621,0.643865,-0.417175,-0.00443157,0.239967,0.108208,0.770322,-0.0344366,0.294302,-0.564627,90.73924027277977,-174.29986680005445,-121.06358367638221,-26.89185732404358,-8.274796281312911,13.898257113840774
5.298160552978516,-0.00565052,0.047251,0.0160661,0.00788999,-0.0017076,0.0160375,0.0740087,0.492925,0.508034,0.32045,0.555621,0.643865,-0.417175,-0.00443157,0.239967,0.108208,0.770322,-0.0344366,0.294302,-0.564627,90.73924027277977,-174.29986680005445,-121.06358367638221,-26.89185732404358,-8.274796281312911,13.898257113840774
5.359304189682007,0.0289364,0.0927908,0.0470143,0.0123688,-0.0120704,0.0254576,0.073987,0.492983,0.508061,0.320578,0.554141,0.645553,-0.416437,-0.00446259,0.240003,0.108216,0.769344,-0.0338242,0.295308,-0.565472,90.6554204782576,-174.6498904614696,-120.46251210531898,-27.392871359018972,-8.502751865065612,14.417542387861142
5.360315561294556,0.0289364,0.0927908,0.0470143,0.0123688,-0.0120704,0.0254576,0.073987,0.492983,0.508061,0.320578,0.554141,0.645553,-0.416437,-0.00446259,0.240003,0.108216,0.769344,-0.0338242,0.295308,-0.565472,90.6554204782576,-174.6498904614696,-120.46251210531898,-27.392871359018972,-8.502751865065612,14.417542387861142
5.422067165374756,0.0420103,0.000683546,0.0606402,0.00308396,-0.0166473,0.00732952,0.0739941,0.492997,0.508027,0.320752,0.554673,0.644998,-0.416453,-0.00447041,0.239908,0.108265,0.769154,-0.0336695,0.294148,-0.566344,90.73581813953844,-174.66933308943004,-121.2902008470529,-27.246728537149423,-8.738896416916443,14.233972133924393
5.423043727874756,0.0420103,0.000683546,0.0606402,0.00308396,-0.0166473,0.00732952,0.0739941,0.492997,0.508027,0.320752,0.554673,0.644998,-0.416453,-0.00447041,0.239908,0.108265,0.769154,-0.0336695,0.294148,-0.566344,90.73581813953844,-174.66933308943004,-121.2902008470529,-27.246728537149423,-8.738896416916443,14.233972133924393
5.48510479927063,0.00476742,0.0101354,0.00917435,0.00482937,-0.00212058,0.00859666,0.0740157,0.492956,0.508069,0.32077,0.55554,0.644252,-0.416439,-0.00446659,0.240015,0.108214,0.769619,-0.0336627,0.29429,-0.565639,90.71114358409095,-174.51465036420038,-120.97046115073229,-27.161393510086725,-8.738758698168738,14.114666042114743
5.486084699630737,0.00476742,0.0101354,0.00917435,0.00482937,-0.00212058,0.00859666,0.0740157,0.492956,0.508069,0.32077,0.55554,0.644252,-0.416439,-0.00446659,0.240015,0.108214,0.769619,-0.0336627,0.29429,-0.565639,90.71114358409095,-174.51465036420038,-120.97046115073229,-27.161393510086725,-8.738758698168738,14.114666042114743
5.547641754150391,0.00855541,0.000801325,0.0288852,0.00332763,-0.00658615,0.00679597,0.0740101,0.492949,0.50805,0.320862,0.555477,0.644152,-0.416607,-0.00449565,0.239896,0.108254,0.768958,-0.0333999,0.294248,-0.566573,90.67978112560554,-174.62069274747972,-120.71771755744862,-27.245472764151643,-8.601099637407117,14.282453060605532
5.5485992431640625,0.00855541,0.000801325,0.0288852,0.00332763,-0.00658615,0.00679597,0.0740101,0.492949,0.50805,0.320862,0.555477,0.644152,-0.416607,-0.00449565,0.239896,0.108254,0.768958,-0.0333999,0.294248,-0.566573,90.67978112560554,-174.62069274747972,-120.71771755744862,-27.245472764151643,-8.601099637407117,14.282453060605532
5.609157562255859,0.0221472,0.0134947,0.0221013,0.00489644,-0.00617476,0.00957934,0.0740179,0.493005,0.508073,0.319988,0.556056,0.644084,-0.416612,-0.0044867,0.240007,0.108235,0.769521,-0.0332622,0.292857,-0.566539,90.89856939187207,-174.4752968658962,-122.67096595064189,-27.282691346424727,-8.840752311511157,14.09247707680468
5.61014986038208,0.0221472,0.0134947,0.0221013,0.00489644,-0.00617476,0.00957934,0.0740179,0.493005,0.508073,0.319988,0.556056,0.644084,-0.416612,-0.0044867,0.240007,0.108235,0.769521,-0.0332622,0.292857,-0.566539,90.89856939187207,-174.4752968658962,-122.67096595064189,-27.282691346424727,-8.840752311511157,14.09247707680468
5.6715734004974365,0.0642023,-0.0180237,0.0482564,0.00119792,-0.0155046,0.00416037,0.0740121,0.492947,0.508028,0.321152,0.555676,0.644281,-0.415917,-0.00444268,0.23985,0.108305,0.770012,-0.0348087,0.292869,-0.565771,90.9189488207948,-174.55450631717815,-123.20430861869175,-26.705322639373378,-9.17928106777551,13.597367015622062
5.6725544929504395,0.0642023,-0.0180237,0.0482564,0.00119792,-0.0155046,0.00416037,0.0740121,0.492947,0.508028,0.321152,0.555676,0.644281,-0.415917,-0.00444268,0.23985,0.108305,0.770012,-0.0348087,0.292869,-0.565771,90.9189488207948,-174.55450631717815,-123.20430861869175,-26.705322639373378,-9.17928106777551,13.597367015622062
5.7338433265686035,-0.0133533,0.024049,0.0348424,0.00583418,-0.00582566,0.0108124,0.0739992,0.492991,0.508044,0.320884,0.554508,0.645075,-0.416452,-0.00448329,0.239978,0.108259,0.769323,-0.0344958,0.293579,-0.56636,90.83247335642142,-174.68342385741073,-122.34729067912176,-26.765484290576158,-8.705530622868615,13.865292832964812
5.734802007675171,-0.0133533,0.024049,0.0348424,0.00583418,-0.00582566,0.0108124,0.0739992,0.492991,0.508044,0.320884,0.554508,0.645075,-0.416452,-0.00448329,0.239978,0.108259,0.769323,-0.0344958,0.293579,-0.56636,90.83247335642142,-174.68342385741073,-122.34729067912176,-26.765484290576158,-8.705530622868615,13.865292832964812
5.797188758850098,-0.0212622,-0.041034,0.0156704,0.000281578,-0.000613945,-0.0026584,0.074014,0.492969,0.508064,0.320779,0.555555,0.644221,-0.41646,-0.0044853,0.239957,0.108247,0.768652,-0.0330684,0.294006,-0.567134,90.7028722332016,-174.68460137551136,-120.98727616138261,-27.340266396081994,-8.670191798411663,14.343529700678163
5.798168659210205,-0.0212622,-0.041034,0.0156704,0.000281578,-0.000613945,-0.0026584,0.074014,0.492969,0.508064,0.320779,0.555555,0.644221,-0.41646,-0.0044853,0.239957,0.108247,0.768652,-0.0330684,0.294006,-0.567134,90.7028722332016,-174.68460137551136,-120.98727616138261,-27.340266396081994,-8.670191798411663,14.343529700678163
5.860252618789673,-0.0239229,-0.00713038,0.0416543,0.00262134,-0.00626648,0.00419883,0.0740148,0.492957,0.508053,0.321241,0.555517,0.644402,-0.415874,-0.00448617,0.239935,0.108298,0.769474,-0.0341602,0.292757,-0.566601,90.88428892408709,-174.663940616883,-122.92413221302708,-26.771784719647517,-9.290591130757605,13.68526377140709
5.861212730407715,-0.0239229,-0.00713038,0.0416543,0.00262134,-0.00626648,0.00419883,0.0740148,0.492957,0.508053,0.321241,0.555517,0.644402,-0.415874,-0.00448617,0.239935,0.108298,0.769474,-0.0341602,0.292757,-0.566601,90.88428892408709,-174.663940616883,-122.92413221302708,-26.771784719647517,-9.290591130757605,13.68526377140709
5.923421144485474,-0.00590515,-0.00453687,0.0222533,0.00329345,-0.0031955,0.00497473,0.0739765,0.492937,0.508006,0.320615,0.554405,0.644565,-0.417585,-0.00448153,0.239909,0.108263,0.769612,-0.0341176,0.29326,-0.566155,90.78570919949122,-174.5007364483511,-121.49255284574774,-26.61409095544809,-8.371130186977977,13.750191323292317
5.924331188201904,-0.00590515,-0.00453687,0.0222533,0.00329345,-0.0031955,0.00497473,0.0739765,0.492937,0.508006,0.320615,0.554405,0.644565,-0.417585,-0.00448153,0.239909,0.108263,0.769612,-0.0341176,0.29326,-0.566155,90.78570919949122,-174.5007364483511,-121.49255284574774,-26.61409095544809,-8.371130186977977,13.750191323292317
5.986766576766968,-0.0575247,-0.0757453,0.00968233,-0.00301589,0.00396738,-0.0102198,0.0740073,0.49298,0.508041,0.321392,0.554482,0.645295,-0.415753,-0.00450194,0.239952,0.108278,0.769391,-0.0337348,0.292368,-0.56694,90.89332602675303,-174.77846381686695,-123.02367484630855,-26.71771574830538,-9.699471601115224,13.638450152723996
5.987732172012329,-0.0575247,-0.0757453,0.00968233,-0.00301589,0.00396738,-0.0102198,0.0740073,0.49298,0.508041,0.321392,0.554482,0.645295,-0.415753,-0.00450194,0.239952,0.108278,0.769391,-0.0337348,0.292368,-0.56694,90.89332602675303,-174.77846381686695,-123.02367484630855,-26.71771574830538,-9.699471601115224,13.638450152723996
6.051936388015747,0.0161362,-0.0148365,0.0222822,0.0021621,-0.00580261,0.00364184,0.074012,0.49297,0.508036,0.320597,0.555813,0.644133,-0.416392,-0.00449152,0.239905,0.108254,0.768969,-0.0334258,0.294265,-0.566549,90.72313799545609,-174.61014544953645,-121.19079325532918,-27.447887109253223,-8.60452775646008,14.375604361810561
6.052901744842529,0.0161362,-0.0148365,0.0222822,0.0021621,-0.00580261,0.00364184,0.074012,0.49297,0.508036,0.320597,0.555813,0.644133,-0.416392,-0.00449152,0.239905,0.108254,0.768969,-0.0334258,0.294265,-0.566549,90.72313799545609,-174.61014544953645,-121.19079325532918,-27.447887109253223,-8.60452775646008,14.375604361810561
6.116165637969971,-0.0332689,-0.0152967,0.0348904,0.00234376,-0.00405706,0.00250311,0.074016,0.492942,0.508052,0.320821,0.555488,0.644174,-0.416589,-0.00447073,0.239915,0.10827,0.769598,-0.0341155,0.293119,-0.566248,90.84072246438936,-174.5413775487273,-122.26795331781591,-26.804756963648728,-8.815880321432932,13.80190085635053
6.1171345710754395,-0.0332689,-0.0152967,0.0348904,0.00234376,-0.00405706,0.00250311,0.074016,0.492942,0.508052,0.320821,0.555488,0.644174,-0.416589,-0.00447073,0.239915,0.10827,0.769598,-0.0341155,0.293119,-0.566248,90.84072246438936,-174.5413775487273,-122.26795331781591,-26.804756963648728,-8.815880321432932,13.80190085635053
6.197692632675171,0.0200644,-0.0443065,0.0029082,-0.000219416,-0.00260402,-0.00179322,0.0739988,0.492972,0.508033,0.320872,0.554479,0.645033,-0.416566,-0.00448508,0.239912,0.108257,0.768842,-0.0334898,0.294246,-0.566727,90.69556482888188,-174.7266886808208,-120.90163975849882,-27.205950381680463,-8.667568740964693,14.271431910626118
6.198651075363159,0.0200644,-0.0443065,0.0029082,-0.000219416,-0.00260402,-0.00179322,0.0739988,0.492972,0.508033,0.320872,0.554479,0.645033,-0.416566,-0.00448508,0.239912,0.108257,0.768842,-0.0334898,0.294246,-0.566727,90.69556482888188,-174.7266886808208,-120.90163975849882,-27.205950381680463,-8.667568740964693,14.271431910626118
6.2611470222473145,-0.00692081,-0.0248888,0.0222044,0.00148977,-0.00334733,0.00100793,0.0739959,0.492978,0.508006,0.321341,0.554518,0.645161,-0.415953,-0.00438015,0.239793,0.108337,0.771168,-0.0371939,0.293305,-0.563817,91.01212384902564,-174.46748574625923,-124.16385354527634,-26.06357868269398,-8.896048097872058,13.130277842136385
6.262063980102539,-0.00692081,-0.0248888,0.0222044,0.00148977,-0.00334733,0.00100793,0.0739959,0.492978,0.508006,0.321341,0.554518,0.645161,-0.415953,-0.00438015,0.239793,0.108337,0.771168,-0.0371939,0.293305,-0.563817,91.01212384902564,-174.46748574625923,-124.16385354527634,-26.06357868269398,-8.896048097872058,13.130277842136385
6.324956893920898,-0.0204983,-0.0138252,0.0348763,0.00247033,-0.00494809,0.00275356,0.0740128,0.492926,0.50804,0.320195,0.555644,0.64399,-0.417147,-0.00446196,0.23988,0.108291,0.769748,-0.0345395,0.293381,-0.565882,90.87180310189157,-174.4231081239223,-122.44055601187323,-26.88056303109267,-8.256732924424028,13.875244118594004
6.325879335403442,-0.0204983,-0.0138252,0.0348763,0.00247033,-0.00494809,0.00275356,0.0740128,0.492926,0.50804,0.320195,0.555644,0.64399,-0.417147,-0.00446196,0.23988,0.108291,0.769748,-0.0345395,0.293381,-0.565882,90.87180310189157,-174.4231081239223,-122.44055601187323,-26.88056303109267,-8.256732924424028,13.875244118594004
6.390092372894287,-0.0117989,-0.0256183,0.0220554,0.00143156,-0.0033787,0.000574634,0.0740005,0.493023,0.508038,0.320641,0.554789,0.645117,-0.416201,-0.00449053,0.239934,0.108275,0.769419,-0.0339107,0.293203,-0.56646,90.87351410965269,-174.6629337917301,-122.68910255649709,-27.07692400696793,-9.062600847073757,13.992114751369751
6.391060829162598,-0.0117989,-0.0256183,0.0220554,0.00143156,-0.0033787,0.000574634,0.0740005,0.493023,0.508038,0.320641,0.554789,0.645117,-0.416201,-0.00449053,0.239934,0.108275,0.769419,-0.0339107,0.293203,-0.56646,90.87351410965269,-174.6629337917301,-122.68910255649709,-27.07692400696793,-9.062600847073757,13.992114751369751
6.455246925354004,0.00307846,-0.00279164,0.0282462,0.00346148,-0.00671274,0.00592664,0.0739732,0.493007,0.508027,0.320495,0.554658,0.645115,-0.41649,-0.0045315,0.239957,0.108244,0.769276,-0.0334927,0.292595,-0.566993,90.90259183545213,-174.66787179575547,-122.87447573663219,-26.99182393041324,-9.106215823880616,13.92232678706209
6.456252574920654,0.00307846,-0.00279164,0.0282462,0.00346148,-0.00671274,0.00592664,0.0739732,0.493007,0.508027,0.320495,0.554658,0.645115,-0.41649,-0.0045315,0.239957,0.108244,0.769276,-0.0334927,0.292595,-0.566993,90.90259183545213,-174.66787179575547,-122.87447573663219,-26.99182393041324,-9.106215823880616,13.92232678706209
6.520686388015747,-0.00620556,-0.0147769,0.0223152,0.00217005,-0.00380733,0.00298108,0.0739792,0.492998,0.508003,0.320748,0.554646,0.644985,-0.416512,-0.00449889,0.239908,0.108244,0.768931,-0.0334077,0.294325,-0.56657,90.69854368419799,-174.69666319128945,-120.91084414156362,-27.347794133867197,-8.691944723553535,14.341933776099516
6.521656036376953,-0.00620556,-0.0147769,0.0223152,0.00217005,-0.00380733,0.00298108,0.0739792,0.492998,0.508003,0.320748,0.554646,0.644985,-0.416512,-0.00449889,0.239908,0.108244,0.768931,-0.0334077,0.294325,-0.56657,90.69854368419799,-174.69666319128945,-120.91084414156362,-27.347794133867197,-8.691944723553535,14.341933776099516
6.585038185119629,-0.00924397,-0.00199008,0.0159224,0.00331126,-0.00248654,0.00566493,0.0739783,0.49298,0.508009,0.321039,0.554487,0.645265,-0.416067,-0.00449888,0.239915,0.108264,0.769448,-0.0339294,0.293097,-0.566474,90.85162654620065,-174.7098429497639,-122.5200469185369,-26.917646605000776,-9.26260322200331,13.845076309857502
6.585955381393433,-0.00924397,-0.00199008,0.0159224,0.00331126,-0.00248654,0.00566493,0.0739783,0.49298,0.508009,0.321039,0.554487,0.645265,-0.416067,-0.00449888,0.239915,0.108264,0.769448,-0.0339294,0.293097,-0.566474,90.85162654620065,-174.7098429497639,-122.5200469185369,-26.917646605000776,-9.26260322200331,13.845076309857502
6.64924693107605,0.016118,-0.00247931,0.0154404,0.00370569,-0.00440931,0.00587793,0.0739953,0.49296,0.508011,0.321052,0.555672,0.644381,-0.415845,-0.00450022,0.239906,0.108248,0.768929,-0.0333635,0.294267,-0.566606,90.70817465612001,-174.70213578606004,-121.17124903665108,-27.448026685229323,-8.989013376519235,14.315728226484055
6.650272846221924,0.016118,-0.00247931,0.0154404,0.00370569,-0.00440931,0.00587793,0.0739953,0.49296,0.508011,0.321052,0.555672,0.644381,-0.415845,-0.00450022,0.239906,0.108248,0.768929,-0.0333635,0.294267,-0.566606,90.70817465612001,-174.70213578606004,-121.17124903665108,-27.448026685229323,-8.989013376519235,14.315728226484055
6.713773727416992,-0.024972,-0.0388801,0.0288754,-0.000187986,-0.00383548,-0.00206049,0.0739816,0.492997,0.508018,0.320589,0.554514,0.645074,-0.416672,-0.0044782,0.23992,0.108272,0.769627,-0.0341995,0.293113,-0.566207,90.87405342721704,-174.59826849486777,-122.5699916161897,-26.85827545484359,-8.826749207664196,13.84213226456819
6.714773178100586,-0.024972,-0.0388801,0.0288754,-0.000187986,-0.00383548,-0.00206049,0.0739816,0.492997,0.508018,0.320589,0.554514,0.645074,-0.416672,-0.0044782,0.23992,0.108272,0.769627,-0.0341995,0.293113,-0.566207,90.87405342721704,-174.59826849486777,-122.5699916161897,-26.85827545484359,-8.826749207664196,13.84213226456819
6.778471946716309,-0.0519733,-0.0432169,0.0422832,-0.00102797,-0.00338914,-0.0037879,0.0739721,0.492965,0.507996,0.321378,0.554104,0.645269,-0.416309,-0.0044032,0.23994,0.108223,0.770546,-0.0347026,0.293776,-0.564579,90.77615953418757,-174.5176293776616,-121.59086034595138,-26.582347196888605,-9.16144193482225,13.573988500584798
6.77940034866333,-0.0519733,-0.0432169,0.0422832,-0.00102797,-0.00338914,-0.0037879,0.0739721,0.492965,0.507996,0.321378,0.554104,0.645269,-0.416309,-0.0044032,0.23994,0.108223,0.770546,-0.0347026,0.293776,-0.564579,90.77615953418757,-174.5176293776616,-121.59086034595138,-26.582347196888605,-9.16144193482225,13.573988500584798
6.842770099639893,0.0506487,-0.0162885,0.0217453,0.00247275,-0.00878411,0.00411688,0.0739707,0.492976,0.507986,0.321224,0.554336,0.645205,-0.416217,-0.00450601,0.239895,0.108247,0.768993,-0.0334209,0.294269,-0.566515,90.67407786937122,-174.75748269509685,-120.72609676924593,-27.219036390158593,-9.008438759271057,14.207595230138006
6.8436877727508545,0.0506487,-0.0162885,0.0217453,0.00247275,-0.00878411,0.00411688,0.0739707,0.492976,0.507986,0.321224,0.554336,0.645205,-0.416217,-0.00450601,0.239895,0.108247,0.768993,-0.0334209,0.294269,-0.566515,90.67407786937122,-174.75748269509685,-120.72609676924593,-27.219036390158593,-9.008438759271057,14.207595230138006
6.908804416656494,0.000358582,-0.0507658,0.0156633,-0.000799077,-0.00317554,-0.00413968,0.073989,0.492986,0.508006,0.321201,0.554703,0.645227,-0.415712,-0.00446927,0.23995,0.108289,0.769176,-0.0344423,0.293413,-0.566649,90.86256300203664,-174.79117767637146,-122.87625136464277,-26.91979093977578,-9.110498282033934,13.85337112719686
6.909748315811157,0.000358582,-0.0507658,0.0156633,-0.000799077,-0.00317554,-0.00413968,0.073989,0.492986,0.508006,0.321201,0.554703,0.645227,-0.415712,-0.00446927,0.23995,0.108289,0.769176,-0.0344423,0.293413,-0.566649,90.86256300203664,-174.79117767637146,-122.87625136464277,-26.91979093977578,-9.110498282033934,13.85337112719686
6.975220441818237,0.00264835,-0.0264194,0.0221853,0.00135529,-0.00445141,0.00141829,0.0739647,0.493011,0.508005,0.320283,0.555092,0.644861,-0.416468,-0.00450709,0.239916,0.108259,0.769426,-0.0339127,0.293264,-0.566419,90.88670993672676,-174.59645460786157,-122.73321298496442,-27.196247477634426,-8.792115897888305,14.071451954788497
6.976178169250488,0.00264835,-0.0264194,0.0221853,0.00135529,-0.00445141,0.00141829,0.0739647,0.493011,0.508005,0.320283,0.555092,0.644861,-0.416468,-0.00450709,0.239916,0.108259,0.769426,-0.0339127,0.293264,-0.566419,90.88670993672676,-174.59645460786157,-122.73321298496442,-27.196247477634426,-8.792115897888305,14.071451954788497
7.042333126068115,-0.066617,0.0251544,0.0478272,0.00571485,-0.00406175,0.00982466,0.0739748,0.492994,0.507997,0.320579,0.554628,0.645093,-0.4165,-0.00447743,0.23991,0.10825,0.769017,-0.0337533,0.294178,-0.566509,90.75590483881282,-174.68910328205533,-121.51654211039197,-27.30314943114226,-8.59544131179472,14.279531187348255
7.043283700942993,-0.066617,0.0251544,0.0478272,0.00571485,-0.00406175,0.00982466,0.0739748,0.492994,0.507997,0.320579,0.554628,0.645093,-0.4165,-0.00447743,0.23991,0.10825,0.769017,-0.0337533,0.294178,-0.566509,90.75590483881282,-174.68910328205533,-121.51654211039197,-27.30314943114226,-8.59544131179472,14.279531187348255
7.110478639602661,0.00331402,0.00270915,0.00224736,0.00462002,-0.000833596,0.0067177,0.0739523,0.492961,0.507975,0.320386,0.554356,0.64468,-0.417648,-0.00438509,0.239781,0.108301,0.771135,-0.0371749,0.293268,-0.563881,91.00176139573587,-174.2672841830699,-123.60264489943387,-25.95345876426387,-7.837950031096579,13.204315105208998
7.111560344696045,0.00331402,0.00270915,0.00224736,0.00462002,-0.000833596,0.0067177,0.0739523,0.492961,0.507975,0.320386,0.554356,0.64468,-0.417648,-0.00438509,0.239781,0.108301,0.771135,-0.0371749,0.293268,-0.563881,91.00176139573587,-174.2672841830699,-123.60264489943387,-25.95345876426387,-7.837950031096579,13.204315105208998
7.183938503265381,-0.000491142,0.00287461,0.0220594,0.00417341,-0.00376481,0.00709377,0.0739835,0.492982,0.508002,0.32056,0.554481,0.645046,-0.416783,-0.0044658,0.239869,0.108276,0.769843,-0.0346412,0.293289,-0.565795,90.88052340697453,-174.5520994425392,-122.61828990794739,-26.78171225122692,-8.67758476982613,13.797088748937059
7.184858798980713,-0.000491142,0.00287461,0.0220594,0.00417341,-0.00376481,0.00709377,0.0739835,0.492982,0.508002,0.32056,0.554481,0.645046,-0.416783,-0.0044658,0.239869,0.108276,0.769843,-0.0346412,0.293289,-0.565795,90.88052340697453,-174.5520994425392,-122.61828990794739,-26.78171225122692,-8.67758476982613,13.797088748937059
7.250715255737305,0.0302649,-0.0721633,0.00266239,-0.00247546,-0.00309594,-0.00777954,0.0739683,0.492998,0.507996,0.320547,0.554515,0.645091,-0.416678,-0.00448251,0.239897,0.10826,0.769668,-0.0342393,0.293128,-0.566141,90.8793621657151,-174.58927499270408,-122.61424160790897,-26.886223165454176,-8.813184575478417,13.859431307502538
7.251636266708374,0.0302649,-0.0721633,0.00266239,-0.00247546,-0.00309594,-0.00777954,0.0739683,0.492998,0.507996,0.320547,0.554515,0.645091,-0.416678,-0.00448251,0.239897,0.10826,0.769668,-0.0342393,0.293128,-0.566141,90.8793621657151,-174.58927499270408,-122.61424160790897,-26.886223165454176,-8.813184575478417,13.859431307502538
7.317431926727295,0.0116415,0.00511146,0.0543734,0.0036949,-0.011781,0.0075509,0.0740038,0.49294,0.508,0.321343,0.555341,0.6443,-0.416187,-0.00451123,0.239913,0.108214,0.768755,-0.0329368,0.293306,-0.567364,90.71951965585413,-174.74144724830973,-121.18864405404985,-27.084437811023594,-9.196992965171491,14.071169387883847
7.318361520767212,0.0116415,0.00511146,0.0543734,0.0036949,-0.011781,0.0075509,0.0740038,0.49294,0.508,0.321343,0.555341,0.6443,-0.416187,-0.00451123,0.239913,0.108214,0.768755,-0.0329368,0.293306,-0.567364,90.71951965585413,-174.74144724830973,-121.18864405404985,-27.084437811023594,-9.196992965171491,14.071169387883847
7.386144161224365,0.145088,-1.24644,-0.326109,-0.153255,0.0277115,-0.237599,0.0739772,0.492971,0.507979,0.321109,0.554453,0.645244,-0.41609,-0.00443293,0.239859,0.108225,0.768734,-0.0338272,0.292592,-0.567708,90.88926514858294,-174.8527354228601,-123.08268097168349,-26.849325454983315,-9.099850170358438,13.912024164292895
7.387112140655518,0.145088,-1.24644,-0.326109,-0.153255,0.0277115,-0.237599,0.0739772,0.492971,0.507979,0.321109,0.554453,0.645244,-0.41609,-0.00443293,0.239859,0.108225,0.768734,-0.0338272,0.292592,-0.567708,90.88926514858294,-174.8527354228601,-123.08268097168349,-26.849325454983315,-9.099850170358438,13.912024164292895
7.453990459442139,-0.498999,-1.05337,-0.0027886,-0.134717,0.0641644,-0.214831,0.073934,0.492979,0.507918,0.32073,0.554292,0.645062,-0.416877,-0.00546367,0.239422,0.108791,0.771228,-0.0367306,0.294239,-0.563277,90.89266238551528,-174.32236836431562,-122.70078550638037,-26.68386106851105,-9.480212749239374,13.29904864528242
7.4549620151519775,-0.498999,-1.05337,-0.0027886,-0.134717,0.0641644,-0.214831,0.073934,0.492979,0.507918,0.32073,0.554292,0.645062,-0.416877,-0.00546367,0.239422,0.108791,0.771228,-0.0367306,0.294239,-0.563277,90.89266238551528,-174.32236836431562,-122.70078550638037,-26.68386106851105,-9.480212749239374,13.29904864528242
7.5226218700408936,-0.44869,-0.588176,-0.364526,-0.100885,0.179444,-0.117823,0.0739683,0.492989,0.507984,0.320283,0.555016,0.64484,-0.416601,-0.00456087,0.239994,0.108258,0.771367,-0.0332447,0.292515,-0.564201,90.89421846961591,-174.23097647839788,-122.20056966624107,-27.072929697076578,-9.810757046159964,13.53763602019372
7.5235865116119385,-0.44869,-0.588176,-0.364526,-0.100885,0.179444,-0.117823,0.0739683,0.492989,0.507984,0.320283,0.555016,0.64484,-0.416601,-0.00456087,0.239994,0.108258,0.771367,-0.0332447,0.292515,-0.564201,90.89421846961591,-174.23097647839788,-122.20056966624107,-27.072929697076578,-9.810757046159964,13.53763602019372
7.591097593307495,-2.88638,0.37378,-0.118758,0.0931638,0.683069,-0.0194698,0.0742609,0.492817,0.507509,0.319134,0.557442,0.644374,-0.414963,-0.00411964,0.243337,0.106315,0.767485,-0.0251996,0.296401,-0.567872,90.22641279832703,-174.66503978403378,-115.51667062709669,-28.653116081255224,-9.130012374423664,14.492418746214652
7.5920116901397705,-2.88638,0.37378,-0.118758,0.0931638,0.683069,-0.0194698,0.0742609,0.492817,0.507509,0.319134,0.557442,0.644374,-0.414963,-0.00411964,0.243337,0.106315,0.767485,-0.0251996,0.296401,-0.567872,90.22641279832703,-174.66503978403378,-115.51667062709669,-28.653116081255224,-9.130012374423664,14.492418746214652
7.658592462539673,-2.08096,0.293359,-0.0638577,0.103131,0.471506,-0.0209536,0.0748711,0.492096,0.505388,0.321978,0.553895,0.642706,-0.420071,0.000838674,0.268731,0.0908284,0.752979,0.0358377,0.302804,-0.583136,84.78566512318957,4.9098711756660816,-60.6745934613498,-21.745810940611722,-8.582870242922985,12.36316658611707
7.659561634063721,-2.08096,0.293359,-0.0638577,0.103131,0.471506,-0.0209536,0.0748711,0.492096,0.505388,0.321978,0.553895,0.642706,-0.420071,0.000838674,0.268731,0.0908284,0.752979,0.0358377,0.302804,-0.583136,84.78566512318957,4.9098711756660816,-60.6745934613498,-21.745810940611722,-8.582870242922985,12.36316658611707
7.726369619369507,-2.63177,0.123761,-0.719857,0.102369,0.753964,-0.0757757,0.0739879,0.492898,0.507484,0.319957,0.555235,0.644297,-0.4174,0.00970296,0.305374,0.0792501,0.737012,0.10961,0.311016,-0.589973,79.2426638661875,5.5755815877363775,-38.82429907130117,-16.219673622698018,-8.945530887635968,10.301841917604737
7.727279186248779,-2.63177,0.123761,-0.719857,0.102369,0.753964,-0.0757757,0.0739879,0.492898,0.507484,0.319957,0.555235,0.644297,-0.4174,0.00970296,0.305374,0.0792501,0.737012,0.10961,0.311016,-0.589973,79.2426638661875,5.5755815877363775,-38.82429907130117,-16.219673622698018,-8.945530887635968,10.301841917604737
7.794933080673218,-2.57254,0.428467,-0.0385896,0.128149,0.597242,-0.0363351,0.0746062,0.492416,0.506683,0.320797,0.555774,0.642661,-0.418557,0.0128877,0.347351,0.0724916,0.706201,0.18016,0.338499,-0.595181,71.13305239618741,5.727616230319393,-23.848509871081582,-8.34944756927371,-8.53824729464733,7.190921088549738
7.795897006988525,-2.57254,0.428467,-0.0385896,0.128149,0.597242,-0.0363351,0.0746062,0.492416,0.506683,0.320797,0.555774,0.642661,-0.418557,0.0128877,0.347351,0.0724916,0.706201,0.18016,0.338499,-0.595181,71.13305239618741,5.727616230319393,-23.848509871081582,-8.34944756927371,-8.53824729464733,7.190921088549738
7.863000392913818,-2.69167,0.400512,0.543207,0.107735,0.503692,-0.0435768,0.074265,0.492429,0.50572,0.322112,0.554523,0.642855,-0.41891,-0.00027714,0.405156,0.0764514,0.681344,0.242833,0.420564,-0.547656,57.95413693991854,8.721896318999987,-24.118816206510115,0.9460316857304614,-7.885325661499154,7.204714081296156
7.863988876342773,-2.69167,0.400512,0.543207,0.107735,0.503692,-0.0435768,0.074265,0.492429,0.50572,0.322112,0.554523,0.642855,-0.41891,-0.00027714,0.405156,0.0764514,0.681344,0.242833,0.420564,-0.547656,57.95413693991854,8.721896318999987,-24.118816206510115,0.9460316857304614,-7.885325661499154,7.204714081296156
7.932193756103516,-3.75236,1.46042,-0.373491,0.318835,0.81387,0.132493,0.0738682,0.492901,0.507554,0.320972,0.55479,0.645196,-0.415821,-0.0194898,0.452089,0.0972512,0.672741,0.286137,0.502544,-0.461513,45.488153129938496,13.218831739666904,-31.346593801635507,4.50460462540765,-9.489889147525185,7.011838517609268
7.933154344558716,-3.75236,1.46042,-0.373491,0.318835,0.81387,0.132493,0.0738682,0.492901,0.507554,0.320972,0.55479,0.645196,-0.415821,-0.0194898,0.452089,0.0972512,0.672741,0.286137,0.502544,-0.461513,45.488153129938496,13.218831739666904,-31.346593801635507,4.50460462540765,-9.489889147525185,7.011838517609268
8.000871658325195,-2.81825,1.07298,-0.943678,0.255721,0.834804,0.0613959,0.0744606,0.492769,0.508226,0.320716,0.555272,0.643806,-0.417527,-0.0137872,0.491751,0.120541,0.62086,0.357946,0.529499,-0.453914,36.138385687865885,13.816903431083631,-24.749137559965785,7.867984742048727,-11.410003518317561,6.187757292020681
8.0017991065979,-2.81825,1.07298,-0.943678,0.255721,0.834804,0.0613959,0.0744606,0.492769,0.508226,0.320716,0.555272,0.643806,-0.417527,-0.0137872,0.491751,0.120541,0.62086,0.357946,0.529499,-0.453914,36.138385687865885,13.816903431083631,-24.749137559965785,7.867984742048727,-11.410003518317561,6.187757292020681
8.069232702255249,-1.36826,0.818629,-1.17166,0.174502,0.58556,0.054481,0.0740383,0.492933,0.508123,0.320179,0.555571,0.643979,-0.417274,-0.00431539,0.512215,0.132521,0.576571,0.39339,0.530863,-0.480618,32.96512939804109,11.99691416746782,-17.079677057701847,12.878940468359467,-11.393880734417992,3.784882350580013
8.070265293121338,-1.36826,0.818629,-1.17166,0.174502,0.58556,0.054481,0.0740383,0.492933,0.508123,0.320179,0.555571,0.643979,-0.417274,-0.00431539,0.512215,0.132521,0.576571,0.39339,0.530863,-0.480618,32.96512939804109,11.99691416746782,-17.079677057701847,12.878940468359467,-11.393880734417992,3.784882350580013
8.1381254196167,-1.31896,0.759696,-1.05616,0.175391,0.559479,0.0471207,0.0740186,0.492958,0.50814,0.320116,0.55557,0.644097,-0.417142,-0.0116627,0.515127,0.139332,0.569996,0.392709,0.547739,-0.469965,30.92083846953832,11.44477922971716,-17.778401435509135,11.552264380871543,-12.854864552037576,3.7002318795867857
8.139068365097046,-1.31896,0.759696,-1.05616,0.175391,0.559479,0.0471207,0.0740186,0.492958,0.50814,0.320116,0.55557,0.644097,-0.417142,-0.0116627,0.515127,0.139332,0.569996,0.392709,0.547739,-0.469965,30.92083846953832,11.44477922971716,-17.778401435509135,11.552264380871543,-12.854864552037576,3.7002318795867857
8.219311952590942,-1.09379,1.26191,-1.06768,0.288497,0.515805,0.160114,0.0740462,0.492989,0.508239,0.320521,0.55575,0.644197,-0.416436,-0.0398015,0.496669,0.138576,0.611758,0.339631,0.58193,-0.414439,31.116713602746966,11.669323725634005,-28.641879654073403,6.084126219812849,-12.97498636105491,4.396150881826835
8.22031283378601,-1.09379,1.26191,-1.06768,0.288497,0.515805,0.160114,0.0740462,0.492989,0.508239,0.320521,0.55575,0.644197,-0.416436,-0.0398015,0.496669,0.138576,0.611758,0.339631,0.58193,-0.414439,31.116713602746966,11.669323725634005,-28.641879654073403,6.084126219812849,-12.97498636105491,4.396150881826835
8.28947639465332,-1.29856,1.64109,-0.524928,0.400434,0.455133,0.246738,0.0738224,0.492963,0.507728,0.321858,0.554766,0.644056,-0.416934,-0.0572407,0.466733,0.128956,0.650169,0.275764,0.585037,-0.398705,35.787660371740536,10.922884504374174,-35.73514475657885,3.098646250780849,-13.890941714680556,2.5839641730472493
8.290446519851685,-1.29856,1.64109,-0.524928,0.400434,0.455133,0.246738,0.0738224,0.492963,0.507728,0.321858,0.554766,0.644056,-0.416934,-0.0572407,0.466733,0.128956,0.650169,0.275764,0.585037,-0.398705,35.787660371740536,10.922884504374174,-35.73514475657885,3.098646250780849,-13.890941714680556,2.5839641730472493
8.360138893127441,-1.46258,1.09921,-0.29366,0.326319,0.516745,0.149974,0.0741669,0.4927,0.507161,0.321395,0.554917,0.643337,-0.418199,-0.0602844,0.427503,0.113074,0.690305,0.205896,0.565612,-0.401458,43.5385317987121,10.844915740701762,-42.34382439841381,-1.7409937988478823,-9.89591837151719,3.131470239868076
8.361103296279907,-1.46258,1.09921,-0.29366,0.326319,0.516745,0.149974,0.0741669,0.4927,0.507161,0.321395,0.554917,0.643337,-0.418199,-0.0602844,0.427503,0.113074,0.690305,0.205896,0.565612,-0.401458,43.5385317987121,10.844915740701762,-42.34382439841381,-1.7409937988478823,-9.89591837151719,3.131470239868076
8.4306058883667,-1.62855,0.769684,-0.315118,0.257784,0.543602,0.0818307,0.0743799,0.492586,0.506954,0.321554,0.555132,0.642845,-0.418546,-0.0520585,0.397382,0.100511,0.70993,0.165611,0.527513,-0.436237,51.40766076840061,10.08992346862307,-42.96604717422881,-5.653929683080756,-8.71852001566549,4.208396255669983
8.431573867797852,-1.62855,0.769684,-0.315118,0.257784,0.543602,0.0818307,0.0743799,0.492586,0.506954,0.321554,0.555132,0.642845,-0.418546,-0.0520585,0.397382,0.100511,0.70993,0.165611,0.527513,-0.436237,51.40766076840061,10.08992346862307,-42.96604717422881,-5.653929683080756,-8.71852001566549,4.208396255669983
8.50152587890625,-2.55158,0.614677,0.198555,0.170243,0.585012,0.0358036,0.0743553,0.492535,0.506555,0.321301,0.55587,0.643103,-0.417364,-0.0387148,0.369882,0.0902676,0.724695,0.138659,0.476999,-0.47756,59.51867551629708,9.328644855468532,-42.256726502403666,-9.64804993601394,-9.359257704149798,5.0211348694525615
8.502494812011719,-2.55158,0.614677,0.198555,0.170243,0.585012,0.0358036,0.0743553,0.492535,0.506555,0.321301,0.55587,0.643103,-0.417364,-0.0387148,0.369882,0.0902676,0.724695,0.138659,0.476999,-0.47756,59.51867551629708,9.328644855468532,-42.256726502403666,-9.64804993601394,-9.359257704149798,5.0211348694525615
8.572525978088379,-2.43673,0.434853,0.771563,0.140798,0.43011,0.00975985,0.074431,0.492496,0.506269,0.321514,0.554853,0.643021,-0.418678,-0.0299475,0.351464,0.0860503,0.732287,0.120247,0.443759,-0.502369,64.49612687822442,8.747991337406688,-42.22546874964039,-11.275444352590204,-8.364874892512562,5.9995814144499695
8.573484182357788,-2.43673,0.434853,0.771563,0.140798,0.43011,0.00975985,0.074431,0.492496,0.506269,0.321514,0.554853,0.643021,-0.418678,-0.0299475,0.351464,0.0860503,0.732287,0.120247,0.443759,-0.502369,64.49612687822442,8.747991337406688,-42.22546874964039,-11.275444352590204,-8.364874892512562,5.9995814144499695
8.642022371292114,-2.33501,0.481945,0.448908,0.140783,0.478437,0.0204451,0.0742855,0.49265,0.506673,0.319535,0.555548,0.643797,-0.418079,-0.0239244,0.335925,0.0844829,0.743064,0.102211,0.419757,-0.51109,68.5868567038363,9.034101525638894,-45.737519796384696,-14.037463555241182,-7.878960226147461,7.040117969028735
8.642977476119995,-2.33501,0.481945,0.448908,0.140783,0.478437,0.0204451,0.0742855,0.49265,0.506673,0.319535,0.555548,0.643797,-0.418079,-0.0239244,0.335925,0.0844829,0.743064,0.102211,0.419757,-0.51109,68.5868567038363,9.034101525638894,-45.737519796384696,-14.037463555241182,-7.878960226147461,7.040117969028735
8.71225905418396,-1.7972,0.346286,0.354362,0.115955,0.385122,0.00406406,0.0744798,0.492523,0.506603,0.31963,0.555916,0.643254,-0.418353,-0.0162939,0.324283,0.0824458,0.750993,0.0914048,0.396112,-0.520336,71.79700655628164,9.294902623137926,-48.93262872623439,-14.445846810851126,-7.025846278664698,7.9194915324203095
8.713181495666504,-1.7972,0.346286,0.354362,0.115955,0.385122,0.00406406,0.0744798,0.492523,0.506603,0.31963,0.555916,0.643254,-0.418353,-0.0162939,0.324283,0.0824458,0.750993,0.0914048,0.396112,-0.520336,71.79700655628164,9.294902623137926,-48.93262872623439,-14.445846810851126,-7.025846278664698,7.9194915324203095
8.782562732696533,-2.02059,0.342062,0.479542,0.11109,0.400807,-0.0011026,0.0744515,0.492478,0.5064,0.32091,0.554536,0.643846,-0.418293,-0.00735434,0.314731,0.0799904,0.757014,0.0887188,0.371009,-0.530482,74.49481801645211,9.479867029271752,-51.3262781224322,-14.553147251810428,-7.377015692944188,9.293739386284368
8.783483266830444,-2.02059,0.342062,0.479542,0.11109,0.400807,-0.0011026,0.0744515,0.492478,0.5064,0.32091,0.554536,0.643846,-0.418293,-0.00735434,0.314731,0.0799904,0.757014,0.0887188,0.371009,-0.530482,74.49481801645211,9.479867029271752,-51.3262781224322,-14.553147251810428,-7.377015692944188,9.293739386284368
8.852683305740356,-2.07723,0.0397985,1.08704,0.0420789,0.302914,-0.0630428,0.07459,0.492394,0.506209,0.322533,0.555008,0.642475,-0.418526,0.00533423,0.305121,0.0767795,0.762752,0.0913275,0.338636,-0.543319,77.4633905143974,9.806516227981279,-55.16869875428331,-13.936377382808661,-7.31876612068392,11.139157141972895
8.853599071502686,-2.07723,0.0397985,1.08704,0.0420789,0.302914,-0.0630428,0.07459,0.492394,0.506209,0.322533,0.555008,0.642475,-0.418526,0.00533423,0.305121,0.0767795,0.762752,0.0913275,0.338636,-0.543319,77.4633905143974,9.806516227981279,-55.16869875428331,-13.936377382808661,-7.31876612068392,11.139157141972895
8.922465085983276,-2.34885,-0.0465353,1.23424,0.00771898,0.322858,-0.0965587,0.0748243,0.492209,0.505769,0.321136,0.555508,0.642679,-0.418624,0.0191958,0.297765,0.0734952,0.763212,0.103737,0.305932,-0.559599,80.12794133994453,9.814130945138851,-58.02777672901559,-15.15549095105153,-7.026630796890472,14.32382044303447
8.92338228225708,-2.34885,-0.0465353,1.23424,0.00771898,0.322858,-0.0965587,0.0748243,0.492209,0.505769,0.321136,0.555508,0.642679,-0.418624,0.0191958,0.297765,0.0734952,0.763212,0.103737,0.305932,-0.559599,80.12794133994453,9.814130945138851,-58.02777672901559,-15.15549095105153,-7.026630796890472,14.32382044303447
8.99232530593872,-1.80156,-0.0792983,0.667054,-0.0240081,0.332107,-0.0987149,0.0745944,0.49239,0.506205,0.322537,0.555047,0.642486,-0.418456,0.0328188,0.290544,0.072331,0.759692,0.113737,0.269954,-0.580566,82.87500798731885,8.764040641375416,-59.90741635366379,-13.950725783009705,-6.304823270960725,15.845128962642255
8.993276834487915,-1.80156,-0.0792983,0.667054,-0.0240081,0.332107,-0.0987149,0.0745944,0.49239,0.506205,0.322537,0.555047,0.642486,-0.418456,0.0328188,0.290544,0.072331,0.759692,0.113737,0.269954,-0.580566,82.87500798731885,8.764040641375416,-59.90741635366379,-13.950725783009705,-6.304823270960725,15.845128962642255
9.061779975891113,-2.28154,-0.468036,0.552488,-0.105496,0.408062,-0.188995,0.0747013,0.492382,0.506385,0.321956,0.555353,0.642939,-0.417801,0.0398663,0.283735,0.0742101,0.754367,0.115726,0.242969,-0.598751,85.37407092513169,7.280204225623046,-63.806462271479944,-14.337332583400464,-6.76164036823968,15.310755719065142
9.06269645690918,-2.28154,-0.468036,0.552488,-0.105496,0.408062,-0.188995,0.0747013,0.492382,0.506385,0.321956,0.555353,0.642939,-0.417801,0.0398663,0.283735,0.0742101,0.754367,0.115726,0.242969,-0.598751,85.37407092513169,7.280204225623046,-63.806462271479944,-14.337332583400464,-6.76164036823968,15.310755719065142
9.13214635848999,5.48709,-3.01417,3.75179,-0.45195,-1.54013,-0.482928,0.0744084,0.492536,0.506537,0.319954,0.554463,0.644336,-0.418367,0.038944,0.266724,0.0819779,0.743259,0.0987621,0.209356,-0.62768,89.53044279070818,3.8165455326153133,-86.91646804260998,-17.09854253507071,-9.419397641408516,14.81533473676605
9.133100986480713,5.48709,-3.01417,3.75179,-0.45195,-1.54013,-0.482928,0.0744084,0.492536,0.506537,0.319954,0.554463,0.644336,-0.418367,0.038944,0.266724,0.0819779,0.743259,0.0987621,0.209356,-0.62768,89.53044279070818,3.8165455326153133,-86.91646804260998,-17.09854253507071,-9.419397641408516,14.81533473676605
9.207393407821655,-5.49443,-2.4649,-0.135895,-0.188708,0.633811,-0.593926,0.0739151,0.493026,0.508093,0.320196,0.554612,0.644807,-0.417258,-0.00165268,0.245811,0.104151,0.765992,-0.0130023,0.283617,-0.576758,90.38959846959304,-174.9218372210342,-114.89961697639752,-25.335468235697526,-10.744469168113447,13.11840704274901
9.208362102508545,-5.49443,-2.4649,-0.135895,-0.188708,0.633811,-0.593926,0.0739151,0.493026,0.508093,0.320196,0.554612,0.644807,-0.417258,-0.00165268,0.245811,0.104151,0.765992,-0.0130023,0.283617,-0.576758,90.38959846959304,-174.9218372210342,-114.89961697639752,-25.335468235697526,-10.744469168113447,13.11840704274901
9.278696298599243,0.217448,0.719022,0.181593,0.0966018,-0.0475024,0.129131,0.0739484,0.493137,0.508257,0.319896,0.555878,0.6443,-0.416585,-0.0150384,0.234051,0.115697,0.767807,-0.0603587,0.311488,-0.556601,90.90227643772799,-174.8404113742505,-127.24944888214547,-29.307619024941992,-9.308258866046632,14.168253960697086
9.279649496078491,0.217448,0.719022,0.181593,0.0966018,-0.0475024,0.129131,0.0739484,0.493137,0.508257,0.319896,0.555878,0.6443,-0.416585,-0.0150384,0.234051,0.115697,0.767807,-0.0603587,0.311488,-0.556601,90.90227643772799,-174.8404113742505,-127.24944888214547,-29.307619024941992,-9.308258866046632,14.168253960697086
9.350058317184448,-0.512109,-0.207559,0.0180503,-0.0203147,0.0525699,-0.0534205,0.0743007,0.492787,0.507634,0.32201,0.555329,0.643325,-0.417197,-0.00351401,0.237448,0.108086,0.775009,-0.037726,0.293096,-0.558599,90.8642089626785,-173.57691747562686,-121.84057473456836,-26.34394339004852,-9.559321901838059,13.937494966181745
9.351040363311768,-0.512109,-0.207559,0.0180503,-0.0203147,0.0525699,-0.0534205,0.0743007,0.492787,0.507634,0.32201,0.555329,0.643325,-0.417197,-0.00351401,0.237448,0.108086,0.775009,-0.037726,0.293096,-0.558599,90.8642089626785,-173.57691747562686,-121.84057473456836,-26.34394339004852,-9.559321901838059,13.937494966181745
9.422223806381226,0.374431,-0.285748,-0.00550461,-0.0271618,-0.0390862,-0.0324514,0.0742156,0.492823,0.507631,0.321631,0.555473,0.643493,-0.417036,-0.00203611,0.235346,0.108299,0.777921,-0.0409672,0.289103,-0.556399,91.5051216616123,-173.17214662683392,-126.6959853929266,-26.202986330493417,-9.495409249292614,14.20623775647784
9.423199653625488,0.374431,-0.285748,-0.00550461,-0.0271618,-0.0390862,-0.0324514,0.0742156,0.492823,0.507631,0.321631,0.555473,0.643493,-0.417036,-0.00203611,0.235346,0.108299,0.777921,-0.0409672,0.289103,-0.556399,91.5051216616123,-173.17214662683392,-126.6959853929266,-26.202986330493417,-9.495409249292614,14.20623775647784
9.494597434997559,-0.166714,-0.350876,0.0605373,-0.0361979,0.0116947,-0.0577277,0.0742402,0.49285,0.507709,0.321129,0.555627,0.643209,-0.417656,-0.00139914,0.234895,0.108263,0.778797,-0.0414424,0.290184,-0.554572,91.43159645275693,-172.8945475909871,-125.82572852652895,-26.600104612843513,-8.518331722570677,14.890723649423714
9.495567560195923,-0.166714,-0.350876,0.0605373,-0.0361979,0.0116947,-0.0577277,0.0742402,0.49285,0.507709,0.321129,0.555627,0.643209,-0.417656,-0.00139914,0.234895,0.108263,0.778797,-0.0414424,0.290184,-0.554572,91.43159645275693,-172.8945475909871,-125.82572852652895,-26.600104612843513,-8.518331722570677,14.890723649423714
9.567933797836304,0.133529,-0.244192,0.0414223,-0.0227072,-0.0160301,-0.0318444,0.0741134,0.492944,0.507802,0.319979,0.555573,0.643837,-0.417644,-0.00177161,0.234767,0.108476,0.778817,-0.0429044,0.290203,-0.554423,91.66031380048184,-172.89098929826073,-127.63069195347074,-26.77997210333156,-8.166313662850168,15.047554473132704
9.568902969360352,0.133529,-0.244192,0.0414223,-0.0227072,-0.0160301,-0.0318444,0.0741134,0.492944,0.507802,0.319979,0.555573,0.643837,-0.417644,-0.00177161,0.234767,0.108476,0.778817,-0.0429044,0.290203,-0.554423,91.66031380048184,-172.89098929826073,-127.63069195347074,-26.77997210333156,-8.166313662850168,15.047554473132704
9.64043402671814,0.513863,-0.157991,0.1833,-0.0143865,-0.0887117,-0.00714085,0.0742225,0.492855,0.507839,0.320819,0.556415,0.642567,-0.417834,-0.00142162,0.23479,0.108397,0.778495,-0.0432462,0.290459,-0.554714,91.54044173984514,-172.8844561449931,-126.89314222243408,-26.32103676516908,-7.59375124608738,14.916980065496773
9.641402959823608,0.513863,-0.157991,0.1833,-0.0143865,-0.0887117,-0.00714085,0.0742225,0.492855,0.507839,0.320819,0.556415,0.642567,-0.417834,-0.00142162,0.23479,0.108397,0.778495,-0.0432462,0.290459,-0.554714,91.54044173984514,-172.8844561449931,-126.89314222243408,-26.32103676516908,-7.59375124608738,14.916980065496773
9.713242769241333,-0.440875,-0.100457,0.0637503,-0.00892366,0.0430342,-0.0190244,0.0740879,0.492968,0.507785,0.321205,0.555261,0.643589,-0.417499,-0.00148217,0.234637,0.108506,0.779035,-0.0444676,0.290663,-0.553753,91.58740188062929,-172.9388052488801,-127.38135481966872,-26.163583411556303,-7.809015668028609,14.75840071293341
9.714208602905273,-0.440875,-0.100457,0.0637503,-0.00892366,0.0430342,-0.0190244,0.0740879,0.492968,0.507785,0.321205,0.555261,0.643589,-0.417499,-0.00148217,0.234637,0.108506,0.779035,-0.0444676,0.290663,-0.553753,91.58740188062929,-172.9388052488801,-127.38135481966872,-26.163583411556303,-7.809015668028609,14.75840071293341
9.785359144210815,-0.217073,-0.145192,0.0904812,-0.0114576,0.00483653,-0.0209602,0.0741618,0.492891,0.507835,0.320282,0.555821,0.64316,-0.418123,-0.00150926,0.234706,0.108536,0.778466,-0.044221,0.290578,-0.554617,91.64067828555955,-172.90409936039083,-127.67573410946655,-26.340773352150247,-7.1712433984330675,14.93316680027699
9.786269664764404,-0.217073,-0.145192,0.0904812,-0.0114576,0.00483653,-0.0209602,0.0741618,0.492891,0.507835,0.320282,0.555821,0.64316,-0.418123,-0.00150926,0.234706,0.108536,0.778466,-0.044221,0.290578,-0.554617,91.64067828555955,-172.90409936039083,-127.67573410946655,-26.340773352150247,-7.1712433984330675,14.93316680027699
9.85723328590393,0.158978,-0.273904,0.0972232,-0.0259509,-0.0372412,-0.0372355,0.0741852,0.492867,0.507967,0.320237,0.556574,0.642881,-0.417585,-0.00146243,0.234653,0.108589,0.779029,-0.0436987,0.291167,-0.553558,91.57746715372879,-172.77593688766146,-127.1168271613631,-26.772486648157464,-7.538430831438931,15.17993039857721
9.85816478729248,0.158978,-0.273904,0.0972232,-0.0259509,-0.0372412,-0.0372355,0.0741852,0.492867,0.507967,0.320237,0.556574,0.642881,-0.417585,-0.00146243,0.234653,0.108589,0.779029,-0.0436987,0.291167,-0.553558,91.57746715372879,-172.77593688766146,-127.1168271613631,-26.772486648157464,-7.538430831438931,15.17993039857721
9.929018259048462,0.0571876,-0.213728,0.0722513,-0.0193226,-0.0173054,-0.0275639,0.0741542,0.492869,0.507884,0.320452,0.555407,0.6435,-0.41802,-0.00147249,0.234636,0.108565,0.778938,-0.0444819,0.290675,-0.553882,91.63581781856296,-172.86631785902807,-127.5889481729712,-26.23391747840746,-7.3514609502027355,14.848714136210583
9.930009603500366,0.0571876,-0.213728,0.0722513,-0.0193226,-0.0173054,-0.0275639,0.0741542,0.492869,0.507884,0.320452,0.555407,0.6435,-0.41802,-0.00147249,0.234636,0.108565,0.778938,-0.0444819,0.290675,-0.553882,91.63581781856296,-172.86631785902807,-127.5889481729712,-26.23391747840746,-7.3514609502027355,14.848714136210583
10.001062393188477,-0.130293,-0.282882,-0.000491798,-0.0272407,0.0197144,-0.0465104,0.0741792,0.492917,0.507859,0.32057,0.555652,0.643591,-0.417465,-0.00161043,0.234717,0.108513,0.778112,-0.0435735,0.290281,-0.55532,91.64734127607126,-173.06326584653885,-127.91709680624206,-26.462213818545926,-7.81043130995416,15.014586777147848
10.001983880996704,-0.130293,-0.282882,-0.000491798,-0.0272407,0.0197144,-0.0465104,0.0741792,0.492917,0.507859,0.32057,0.555652,0.643591,-0.417465,-0.00161043,0.234717,0.108513,0.778112,-0.0435735,0.290281,-0.55532,91.64734127607126,-173.06326584653885,-127.91709680624206,-26.462213818545926,-7.81043130995416,15.014586777147848
10.072914123535156,-0.0597367,-0.157537,0.0779983,-0.0136617,-0.007605,-0.0214045,0.0740563,0.492927,0.507764,0.321244,0.55508,0.643605,-0.417684,-0.00159642,0.234687,0.10846,0.778206,-0.0435158,0.29015,-0.555261,91.56800629706265,-173.08558406924698,-127.28899952599197,-26.17357996389936,-7.884063128280877,14.818815030825697
10.073837280273438,-0.0597367,-0.157537,0.0779983,-0.0136617,-0.007605,-0.0214045,0.0740563,0.492927,0.507764,0.321244,0.55508,0.643605,-0.417684,-0.00159642,0.234687,0.10846,0.778206,-0.0435158,0.29015,-0.555261,91.56800629706265,-173.08558406924698,-127.28899952599197,-26.17357996389936,-7.884063128280877,14.818815030825697
10.144821166992188,-0.0378499,-0.176986,0.0400954,-0.0156034,-0.00100878,-0.0256371,0.0740735,0.492933,0.507758,0.321343,0.555175,0.643614,-0.41747,-0.00160798,0.234678,0.108478,0.778247,-0.0436218,0.290053,-0.555245,91.58745605127324,-173.10120928469715,-127.4943930055633,-26.166636404123814,-8.039383814558896,14.765197688579782
10.145754337310791,-0.0378499,-0.176986,0.0400954,-0.0156034,-0.00100878,-0.0256371,0.0740735,0.492933,0.507758,0.321343,0.555175,0.643614,-0.41747,-0.00160798,0.234678,0.108478,0.778247,-0.0436218,0.290053,-0.555245,91.58745605127324,-173.10120928469715,-127.4943930055633,-26.166636404123814,-8.039383814558896,14.765197688579782
